event_id,time,latitude,longitude,depth_km,magnitude,distance_from_crater_km,min_station_distance_km,max_station_distance_km,median_station_distance_km
2026p000623,2026-01-01 05:32:13.059000+00:00,-40.16193008422852,175.24961853027344,31.323286056518555,2.3870989796375985,116.35284275580963,104.65026994255574,127.83736986518119,119.62416222509836
2026p000712,2026-01-01 06:19:51.204000+00:00,-38.36868667602539,176.20033264160156,4.883708477020264,2.3416091383129563,100.43100298494454,93.16545855655487,117.9820911145271,102.85612433851468
2026p000759,2026-01-01 06:44:31.496000+00:00,-38.52724075317383,175.91175842285156,5.587925434112549,2.166196785725979,73.95592254532286,66.99010941791508,91.60624360347585,75.64356063443736
2026p001954,2026-01-01 17:21:25.445000+00:00,-39.11778259277344,175.0253448486328,5.0,2.1117509849939915,52.67370169355883,36.561784669513436,59.61543032846484,51.74957749615371
2026p001970,2026-01-01 17:29:52.633000+00:00,-40.3154182434082,175.8981170654297,25.060678482055664,2.574453597972498,130.65822360804793,119.89991847999083,146.05694510160387,131.98532248299256
2026p007764,2026-01-03 20:56:51.342000+00:00,-39.65813446044922,176.3883819580078,22.9997787475586,2.1831343240177623,85.6615980458396,80.43254275921154,107.42872819196089,88.00555768894137
2026p009049,2026-01-04 08:21:41.491000+00:00,-40.1368293762207,176.1172332763672,23.40190124511719,2.3560232761450184,116.50964538041532,107.27121613127987,134.19530549354403,117.9523633341058
2026p010400,2026-01-04 20:21:10.362000+00:00,-39.83111953735352,176.7923126220703,29.560529708862305,2.18598144719862,124.74129933293997,120.18593274957608,147.15389302097682,127.62082330265315
2026p012670,2026-01-05 16:30:59.345000+00:00,-39.80691909790039,176.66189575195312,30.914554595947266,2.372677033839196,114.2604498740292,110.16645251781202,137.13216196077965,117.57573843582375
2026p013345,2026-01-05 22:30:33.359000+00:00,-39.269676208496094,175.09669494628906,15.44020652770996,2.5843528097615174,47.94978430088655,40.35004155139423,57.6425879304384,49.4648396312298
2026p014981,2026-01-06 13:02:06.050000+00:00,-40.36665725708008,174.6691436767578,12.0,2.118177506983764,157.68293557317864,141.11025216504441,165.68196970906155,157.30293698604794
2026p015262,2026-01-06 15:31:43.041000+00:00,-39.88275909423828,176.78482055664062,31.84092140197754,2.41935430052478,127.73606052254358,123.3243053514102,150.46554988710056,130.7630118961088
2026p016256,2026-01-07 00:21:24.791000+00:00,-40.30361175537109,174.7808837890625,15.725540161132812,2.294413829794438,146.79154167073523,130.6767915682719,155.1921767638343,146.95040560508195
2026p016951,2026-01-07 06:31:56.551000+00:00,-38.63117218017578,176.12559509277344,4.457883358001709,2.1670752531319595,72.33569128361658,65.16696479310988,89.6853730044173,75.37099257146
2026p017907,2026-01-07 15:01:07.969000+00:00,-39.246036529541016,175.27114868164062,10.625187873840332,2.4929979280537204,32.75668425040809,26.69659367470087,41.81774348883011,33.8399057556433
2026p019488,2026-01-08 05:03:32.495000+00:00,-40.11518096923828,175.39852905273438,38.50763320922852,2.3870820374053143,108.30479745298767,100.12713338577326,122.55224482446118,114.18844386241429
2026p019612,2026-01-08 06:09:47.974000+00:00,-39.72148895263672,176.7679443359375,30.50334548950196,2.088858247440552,116.1324819305229,112.86433863170977,139.07794271594267,120.49284585048844
2026p020158,2026-01-08 11:00:39.444000+00:00,-40.2956428527832,174.81808471679688,21.5279541015625,2.1546808856938764,144.4585162074884,129.2748621266301,153.62418845750736,145.40237323100163
2026p020165,2026-01-08 11:04:09.457000+00:00,-39.66219711303711,176.3866424560547,25.579160690307617,2.060865065509153,85.84062778171393,81.37776866411485,108.19383894579231,88.91797935968403
2026p021801,2026-01-09 01:35:57.336000+00:00,-40.2772216796875,174.796630859375,19.76692771911621,2.264820094628808,143.5851252316163,128.13100399823833,152.51006922087757,144.31425090783603
2026p021911,2026-01-09 02:34:37.013000+00:00,-40.29070281982422,174.79400634765625,19.63309669494629,2.843848115935865,144.9921106022743,129.48884806342582,153.88520950876884,145.6765703093152
2026p023193,2026-01-09 13:57:26.214000+00:00,-39.57770538330078,176.17530822753906,26.49876594543457,2.844034496420949,66.13072253901225,63.08341784606325,89.27722372616483,70.78237445969808
2026p023356,2026-01-09 15:24:20.910000+00:00,-40.28865814208984,174.74168395996094,12.0,2.093771448156037,147.0742269449962,130.55000479460213,155.11013678136814,146.816483382817
2026p023854,2026-01-09 19:49:50.510000+00:00,-40.01725006103516,176.54739379882812,34.98683166503906,2.246679763251997,123.71920548090651,118.8782893629105,146.41023825968168,127.7674419803773
2026p024472,2026-01-10 01:18:51.968000+00:00,-40.26789855957031,174.793701171875,19.56637191772461,2.2940928380934924,142.81781810132105,127.34956781876352,151.7227075959598,143.5387303991742
2026p025013,2026-01-10 06:07:24.586000+00:00,-40.29154968261719,176.6895294189453,17.02623176574707,2.454145098910652,155.2094687423526,145.3660513028382,173.85001205756154,155.31354567481708
2026p025386,2026-01-10 09:26:02.985000+00:00,-40.20822525024414,176.40196228027344,31.84113121032715,2.8814637097932367,134.12244757565975,126.97298806109116,154.52096792293406,137.41184029856265
2026p026637,2026-01-10 20:32:17.193000+00:00,-40.13746643066406,174.91537475585938,28.51463890075684,2.0562886567345195,125.09188855857116,112.00815946668791,135.86242032406014,127.80964891626428
2026p028459,2026-01-11 12:43:10.995000+00:00,-40.29222869873047,174.76194763183594,12.0,2.379332857459355,146.51964586817138,129.9759008278854,154.55825571275852,146.3229970029828
2026p028787,2026-01-11 15:38:00.399000+00:00,-40.14740753173828,175.16470336914062,24.86724853515625,2.0542377604509348,117.10222014664258,103.34999587769627,127.17058861183466,118.81260675869115
2026p028964,2026-01-11 17:12:04.753000+00:00,-40.141597747802734,175.17723083496094,26.27005195617676,2.015684157483404,116.13082791233072,102.80213284852675,126.50957304368887,118.17316466144783
2026p029291,2026-01-11 20:06:17.791000+00:00,-40.20582962036133,175.01072692871094,21.904815673828125,2.167948512820808,128.12322944002423,113.29002070558255,137.52091255203172,129.19137379407093
2026p029414,2026-01-11 21:12:00.481000+00:00,-39.75133895874024,175.4639892578125,39.14805603027344,2.014677211152612,67.60184043376984,65.37920182642225,85.60969224993632,77.74549433158909
2026p030332,2026-01-12 05:20:57.606000+00:00,-40.265907287597656,174.7771759033203,12.0,2.2262685422627846,143.3471955234725,126.82801324519517,151.39767345074296,143.1718270308366
2026p030834,2026-01-12 09:48:30.299000+00:00,-40.075313568115234,174.9762725830078,19.55315017700196,2.3199568346676407,116.5300913218341,101.50702719760135,125.73111439570964,117.54907071755096
2026p031203,2026-01-12 13:05:27.264000+00:00,-39.320125579833984,175.05258178710938,5.0,2.1156024598470977,53.25863993768845,43.35773450012528,60.98660580748426,52.323983529621245
2026p031760,2026-01-12 18:02:09.062000+00:00,-40.03861999511719,176.7040557861328,15.507710456848145,2.596779258525397,134.38475322268613,125.4312929410098,153.82053890328044,133.90618550715607
2026p032139,2026-01-12 21:23:51.855000+00:00,-39.950927734375,176.18637084960938,27.81152534484864,2.03147939940756,100.21364697354315,93.27181343522042,120.51543482609222,103.69205166920752
2026p032405,2026-01-12 23:45:24.278000+00:00,-38.63267517089844,176.0811767578125,4.775811195373535,2.052736461191357,69.98688970338411,62.8263623829586,87.47714301747322,73.087655935502
2026p033488,2026-01-13 09:22:27.197000+00:00,-39.083492279052734,175.1375274658203,18.27030563354492,2.793052813806056,43.571320226388586,32.424212689943325,53.58098812944758,47.54476105127101
2026p033966,2026-01-13 13:37:27.464000+00:00,-40.20912551879883,175.04750061035156,21.65819931030273,2.085006233719465,127.17798356367076,112.32294803659885,136.52918994988485,128.16124500019512
2026p034684,2026-01-13 20:00:18.045000+00:00,-38.640384674072266,176.09873962402344,4.131614685058594,2.019457739273633,70.14333656336314,62.93965552396137,87.52598049401868,73.17399632735771
2026p034745,2026-01-13 20:32:27.910000+00:00,-40.21500396728516,175.0315704345703,26.92417907714844,2.5001888856295853,128.3200000500363,114.65220308286762,138.6355215775549,130.3510426838866
2026p035435,2026-01-14 02:39:50.084000+00:00,-39.83441925048828,176.5078125,13.727985382080078,2.0055091012912376,106.44808280233094,97.84132994177257,126.03924963085669,106.06172288942554
2026p038869,2026-01-15 09:10:03.243000+00:00,-39.60915930963883,175.48260899179874,18.9453125,2.0388110589829243,51.87499288866636,40.74307101851141,63.13389418971742,54.55250748520078
2026p039462,2026-01-15 14:25:35.428000+00:00,-38.61498641967773,176.19276428222656,5.0,2.048631290407456,77.31954260584719,70.1858116805604,94.54097546972527,80.34164119209876
2026p039588,2026-01-15 15:32:47.566000+00:00,-38.85108947753906,176.71328735351562,36.992584228515625,2.567161668216871,99.57137322149099,99.8382979698569,119.45099843412468,109.12176622993286
2026p041397,2026-01-16 07:37:12.365000+00:00,-40.29798889160156,174.7677001953125,12.0,2.328240294587624,146.8191724398022,130.26430342511597,154.85667691670133,146.60837689086014
2026p042883,2026-01-16 20:48:16.650000+00:00,-39.9781494140625,176.720703125,39.05828094482422,2.1248043065488456,130.62249898595985,127.47029623975456,154.6719635372874,135.31067089434117
2026p043837,2026-01-17 05:16:28.191000+00:00,-40.27429962158203,174.79928588867188,20.0112361907959,2.558070733849548,143.19110860251223,127.78440022135548,152.15377280839084,143.96048092848133
2026p043858,2026-01-17 05:28:00.227000+00:00,-40.28242874145508,174.7289276123047,12.0,2.4329435761713145,147.05857479319036,130.55361000376087,155.09340994392812,146.7271860833061
2026p044030,2026-01-17 06:59:34.060000+00:00,-39.86074447631836,176.77430725097656,28.147403717041016,2.73377376398259,125.51136986629932,120.3205135786261,147.55011824593706,127.73787718032665
2026p046335,2026-01-18 03:27:28.817000+00:00,-40.09962844848633,174.99278259277344,5.0,2.192819838388925,118.23062180342478,101.10134525828248,125.84722436888191,117.46738955609376
2026p046783,2026-01-18 07:26:12.850000+00:00,-40.2734260559082,174.77049255371094,12.0,2.5282918003692654,144.35567382690522,127.83098920982894,152.40228703642376,144.17663112107005
2026p047520,2026-01-18 13:58:45.676000+00:00,-39.88694763183594,176.7304229736328,29.99068260192871,2.0127555380039204,124.4433707707235,119.44089943121668,146.77115076510677,127.05351192837007
2026p050410,2026-01-19 15:38:41.580000+00:00,-38.64170837402344,176.0948944091797,5.187457084655762,2.009184081559337,69.83099144373824,62.726203240302944,87.30281196253442,72.95422793872586
2026p050689,2026-01-19 18:07:06.654000+00:00,-40.18124008178711,174.748291015625,12.0,2.142773874561431,136.73913435682564,120.38839161698594,144.8051706600563,136.22086509728905
2026p051601,2026-01-20 02:13:05.035000+00:00,-40.27716064453125,174.8106689453125,21.754732131958008,2.0932629472688675,142.98225005007293,127.88093657281448,152.20020123351856,144.00863621247353
2026p051624,2026-01-20 02:26:01.873000+00:00,-39.27138900756836,175.10633850097656,20.55168914794922,3.716577923824578,47.19689589698808,42.22743831944221,58.6399977636813,50.78260442947815
2026p051770,2026-01-20 03:43:12.583000+00:00,-38.56477355957031,176.19000244140625,4.450883388519287,2.2925532664967307,81.59722302250434,74.39818222317366,98.9109602136971,84.60152925624257
2026p052598,2026-01-20 11:04:14.616000+00:00,-40.29032897949219,174.78515625,12.0,2.2184657441473994,145.33394009359577,128.77791148928,153.3767243711936,145.1152113574272
2026p054142,2026-01-21 00:47:13.093000+00:00,-40.26849365234375,174.73658752441406,12.0,2.174922384037465,145.40174006201258,128.91100197964954,153.4423986233241,145.06895673693504
2026p054230,2026-01-21 01:33:53.723000+00:00,-40.12688064575195,174.95162963867188,5.0,2.386329426148503,122.55814870036967,105.43333256584796,130.1734928398189,121.82167588468279
2026p054644,2026-01-21 05:14:44.100000+00:00,-39.43953704833984,175.7234344482422,12.090082168579102,2.394787965967011,32.37261866323318,24.144311499177338,49.55515115588679,33.950975365505364
2026p056085,2026-01-21 18:02:28.663000+00:00,-39.12393951416016,175.12725830078125,5.0,2.062131919106718,43.83416625275015,28.158782136358763,50.84102346612141,43.22047394114458
2026p056845,2026-01-22 00:47:45.508000+00:00,-38.56010437011719,176.20924377441406,3.3649494647979736,2.0672158097730864,83.01233763352201,75.74709887382303,100.21949579888943,85.93421620310654
2026p057730,2026-01-22 08:39:18.056000+00:00,-40.29833221435547,174.76675415039062,12.0,2.1379340147745927,146.8929465688067,130.3382473509043,154.93018613912315,146.68267626452123
2026p057856,2026-01-22 09:45:49.922000+00:00,-39.87617492675781,176.7020721435547,33.37386703491211,2.942701307759693,121.8221178329185,117.83024641547023,144.9600902964013,125.41364212152399
2026p061211,2026-01-23 15:33:28.378000+00:00,-39.96860122680664,176.59127807617188,21.56734085083008,2.133911861867376,122.1264174638102,114.28368564822502,142.41790146255966,122.81339316445701
2026p061316,2026-01-23 16:29:34.420000+00:00,-39.48920822143555,175.71324157714844,10.502503395080566,2.180785892988142,37.5734966236985,27.81380154049555,53.432817709656184,38.214871958144684
2026p062733,2026-01-24 05:04:13.868000+00:00,-40.25802230834961,174.78170776367188,33.0,2.106864270256476,142.39830825653974,129.91952597818045,153.7330518794952,145.7262903917818
2026p062913,2026-01-24 06:40:08.672000+00:00,-40.27071380615234,174.83763122558594,33.0,2.064884342392619,141.23133112458012,128.7426964766191,152.59306429364625,144.5221126724643
2026p063714,2026-01-24 13:47:06.229000+00:00,-40.25899887084961,176.65792846679688,15.781645774841309,2.062826428113524,150.7055226295838,140.74369794715034,169.24567368550723,150.69903880688474
2026p063891,2026-01-24 15:21:19.327000+00:00,-40.26063919067383,175.1553192138672,16.070587158203125,2.241979726283397,129.22748123361862,113.41858046896793,137.63994348646168,129.1242779338342
2026p064485,2026-01-24 20:37:45.690000+00:00,-40.278568267822266,174.79591369628906,20.46933555603028,2.29532165143526,143.74503283715896,128.40969220844178,152.766767411236,144.57733961586
2026p064519,2026-01-24 20:55:54.582000+00:00,-39.85927963256836,175.40122985839844,12.0,3.2952506820748715,80.50811783040344,65.02671464673739,88.70919458657337,80.33117478011094
2026p065133,2026-01-25 02:23:18.537000+00:00,-38.6624870300293,176.07591247558594,4.817458629608154,2.1523652976501,66.99382548998666,59.865867927701515,84.4480001972284,70.09647747839752
2026p065150,2026-01-25 02:32:10.023000+00:00,-38.66202926635742,176.0775909423828,5.0,2.409223379058848,67.11913578210292,60.010277557747955,84.58449130816902,70.2370133394711
2026p067464,2026-01-25 23:05:08.539000+00:00,-38.54744338989258,175.9664764404297,5.0,2.0212138839476967,73.57833176658987,66.46518234621934,91.24493485469019,75.48188996184479
2026p067775,2026-01-26 01:50:53.897000+00:00,-40.28150177001953,174.75765991210938,12.0,2.0159148000188534,145.68785222337013,129.16144857516915,153.72929231828627,145.48491748793782
2026p067832,2026-01-26 02:21:10.844000+00:00,-40.26050567626953,176.47117614746094,19.548093795776367,2.0721372328073886,142.10284619005787,132.26122239235045,160.408017481831,142.825948079494
2026p069213,2026-01-26 14:36:55.751000+00:00,-40.26950454711914,174.75221252441406,12.0,2.018326006417619,144.79381648670963,128.2885012407662,152.83794038634247,144.53531958547495
2026p070137,2026-01-26 22:49:15.106000+00:00,-39.64051818847656,176.22525024414062,23.18820381164551,2.605867556961402,74.11302389007461,68.82196148224115,95.88637851309625,76.89219530264363
2026p070548,2026-01-27 02:28:07.504000+00:00,-40.16212844848633,176.52230834960938,23.21964454650879,2.036938584352878,135.2520207171555,126.53945668494858,154.7237604680584,136.54766049959937
2026p073186,2026-01-28 01:53:40.157000+00:00,-38.55306625366211,175.97666931152344,5.0,2.415699057916064,73.36039273014018,66.23470922549606,91.03160010852994,75.39271442173666
2026p076582,2026-01-29 08:03:15.736000+00:00,-40.26799011230469,174.7456512451172,12.0,2.3660034854271923,144.9451594948562,128.44744332731213,152.98821111483264,144.65257888316876
2026p077024,2026-01-29 11:58:28.594000+00:00,-38.614864349365234,175.27490234375,12.0,2.3342660660965144,67.67611562091528,54.17676636998913,80.76205418828236,70.27312782841142
2026p077320,2026-01-29 14:36:18.899000+00:00,-39.83831787109375,176.6730499267578,30.64698791503906,2.0431412345158626,117.21034681808405,112.75006126173345,139.88637407229547,120.28310640442142
2026p077758,2026-01-29 18:30:19.150000+00:00,-38.61754989624024,175.27609252929688,5.0,2.819357553214637,67.36358226523441,52.61107614985846,79.52862452848427,68.99198147667897
2026p077841,2026-01-29 19:13:47.081000+00:00,-40.270782470703125,176.7090301513672,18.082056045532227,3.060351726633358,154.34544878009132,144.7550682883099,173.23158485297736,154.55507693948675
2026p078317,2026-01-29 23:27:30.572000+00:00,-39.253814697265625,175.26611328125,10.543140411376951,2.36632890494141,33.43834813652889,27.21877354664289,42.48675398560489,34.53664086227738
2026p078352,2026-01-29 23:45:57.994000+00:00,-40.07571029663086,175.1295928955078,14.971246719360352,2.1519913775782933,110.80527553062406,94.96077659956606,119.32441984822154,110.89883208929774
2026p078386,2026-01-30 00:04:23.503000+00:00,-39.7796516418457,176.5540313720703,24.78873443603516,2.122632589035056,105.22538297660633,99.52934606734439,126.87762406694019,107.2086872675816
2026p078411,2026-01-30 00:17:44.241000+00:00,-40.26085662841797,176.69544982910156,16.425533294677734,2.699153623847662,152.7699198867144,142.96846475897812,171.47851576731176,152.7945582100697
2026p078910,2026-01-30 04:43:25.652000+00:00,-40.27331161499024,176.70338439941406,18.043739318847656,2.2385126863143427,154.28102113837787,144.66399701580528,173.13794115901433,154.49255245047613
2026p079403,2026-01-30 09:05:56.969000+00:00,-39.83600616455078,176.65257263183594,34.401390075683594,2.1532017709639284,115.70463742555552,112.3846090958549,139.30400754580072,119.89292521057041
2026p079576,2026-01-30 10:38:33.697000+00:00,-40.28451156616211,174.7698516845703,12.0,2.240847211039444,145.43926420995007,128.90024149601186,153.48189866611713,145.24509700206335
2026p081831,2026-01-31 06:39:42.543000+00:00,-38.68867492675781,174.66415405273438,13.827181816101074,2.212112023912173,98.74706586929004,80.80543064262869,108.27721705329125,101.45792267528338
2026p082432,2026-01-31 12:00:07.791000+00:00,-40.27853393554688,176.66452026367188,12.80931854248047,2.4869453625022127,152.79181871502738,142.4526450490671,171.01228716160702,152.4754655240843
2026p082482,2026-01-31 12:26:25.670000+00:00,-38.62787628173828,176.2005157470703,4.772574901580811,2.042861041243796,76.63994180931451,69.45120267450932,93.77966475830249,79.62923898685264
2026p083037,2026-01-31 17:22:07.391000+00:00,-40.26529312133789,176.62460327148438,13.742088317871094,2.1047688584070925,149.628474483646,139.3318303034142,167.8475445384927,149.44166934740565
2026p083814,2026-02-01 00:16:32.449000+00:00,-40.13513946533203,174.89102172851562,26.906370162963867,2.138394596499833,125.91103861558658,112.39633875641182,136.32137400061376,128.27689228133613
2026p085012,2026-02-01 10:55:44.365000+00:00,-40.07596969604492,176.3788299560547,20.79326057434082,2.213081550910988,120.52030908599902,111.41989507125551,139.52183552696764,121.7013490052475
2026p085945,2026-02-01 19:11:38.933000+00:00,-40.2191276550293,174.7953338623047,34.933616638183594,2.134108003688925,138.10665895612343,126.36318923340534,150.00650898527954,141.98732828843404
2026p087284,2026-02-02 07:04:57.427000+00:00,-38.61591720581055,176.1969451904297,2.5389420986175537,2.1446245940941204,77.46781518973411,70.14985615717679,94.5210147482348,80.32318189898554
2026p087290,2026-02-02 07:08:27.335000+00:00,-38.62212753295898,176.2015380859375,5.0,2.527558294538,77.18776109258391,70.02537391205182,94.35861779911573,80.19749497468365
2026p087792,2026-02-02 11:36:03.235000+00:00,-40.27048873901367,176.6134033203125,16.744009017944336,2.038166700210948,149.55947245640888,139.57981275755768,168.01366748123814,149.71909925193768
2026p090534,2026-02-03 11:56:51.964000+00:00,-39.23997116088867,175.1073760986328,20.57033920288086,2.110883116610616,46.29920267879826,40.449615320035264,57.668514940279906,49.68280610009042
2026p091298,2026-02-03 18:43:44.860000+00:00,-40.264739990234375,176.70021057128906,17.008556365966797,3.107241828022601,153.3579999090391,143.62780590148841,172.12617505152792,153.44620961331566
2026p091324,2026-02-03 18:57:36.825000+00:00,-40.261905670166016,176.68862915039062,18.603843688964844,2.570560833064157,152.51499313190666,142.98331252364963,171.43673714830103,152.8166211185428
2026p092094,2026-02-04 01:47:53.700000+00:00,-38.634727478027344,176.11651611328125,5.905014514923096,2.3106892243917643,71.55217344954072,64.52623428508325,89.03807545690242,74.72456116494385
2026p094590,2026-02-04 23:57:59.940000+00:00,-40.0605354309082,174.88479614257812,23.7967586517334,2.123233995495148,119.14300216228315,105.1502985895315,129.06241765387205,120.86995527271682
2026p096511,2026-02-05 17:01:27.047000+00:00,-40.33100509643555,176.57261657714844,12.450242042541504,2.3811111193916883,153.2758372776457,142.54345914811398,170.95856373202585,153.03721777974735
2026p097285,2026-02-05 23:53:40.763000+00:00,-39.81866836547852,176.09217834472656,10.0,2.4660859668359887,83.46372679569421,72.73935066216076,100.93020622932619,83.56521323116422
2026p100003,2026-02-07 00:01:45.106000+00:00,-40.20130920410156,174.8948974609375,12.0,2.9041686229988493,132.1284806984693,115.62718633466224,140.2220393869507,131.91707273560783
2026p100350,2026-02-07 03:06:50.994000+00:00,-38.66706466674805,176.1001739501953,4.078468322753906,2.043204398729207,67.81484539637631,60.63837515763086,85.12911870049052,70.82946500299272
2026p101487,2026-02-07 13:12:25.441000+00:00,-40.27646255493164,176.3743438720703,26.486352920532227,2.2301145248402348,139.65817491091593,130.89144395139857,158.52561360346488,141.7121801505267
2026p103027,2026-02-08 02:52:57.818000+00:00,-40.25959396362305,175.2546844482422,21.825841903686523,2.4420814577811294,126.67498949498764,112.16457454225493,135.86253841563226,127.49535679983792
2026p103251,2026-02-08 04:52:34.591000+00:00,-39.825340270996094,176.80686950683594,32.67877197265625,2.9564557028432503,125.36727497829888,121.71712535661638,148.46579497003097,129.16320260742373
2026p104133,2026-02-08 12:42:33.970000+00:00,-39.923439025878906,176.65309143066406,26.040674209594727,3.118244956367348,122.24725923406093,115.83819329191178,143.600040858667,123.84138803806286
2026p107640,2026-02-09 19:50:35.958000+00:00,-40.307559967041016,176.32005310058594,7.05703067779541,3.599286629711038,140.7229218401564,129.05922044616452,156.98185409927228,140.17611468926697
2026p108079,2026-02-09 23:44:54.306000+00:00,-39.724403381347656,175.0021209716797,34.429439544677734,2.134819759554583,83.17908405744393,75.93839803485274,97.42418900855493,88.93065344553165
2026p108229,2026-02-10 01:04:39.425000+00:00,-39.03121566772461,174.75689697265625,23.9963321685791,3.248684544649509,77.02153190151915,64.20232788783365,87.06601723685456,79.93442907430548
2026p108883,2026-02-10 06:53:07.752000+00:00,-39.94938659667969,174.42428588867188,12.0,2.73076495915818,136.12626618282397,121.32825300684534,144.39044423978382,134.29673691762213
2026p109071,2026-02-10 08:33:16.046000+00:00,-39.30729293823242,174.99224853515625,23.28454971313477,2.10335554271222,57.7589450564618,52.566869217288804,69.51170325124991,61.57671455875847
2026p109432,2026-02-10 11:45:28.793000+00:00,-39.229774475097656,174.83706665039062,17.694318771362305,2.377560046085908,69.19863254936293,57.959618239430164,78.51125666388975,69.7322163522924
2026p110136,2026-02-10 18:01:17.715000+00:00,-38.59628677368164,176.20745849609375,5.0,2.371073783128105,79.74003756126409,72.60434689500042,96.9657120874052,82.75703231259251
2026p110454,2026-02-10 20:50:09.670000+00:00,-39.25814056396485,175.037353515625,15.471734046936035,3.567456039539588,52.62823105713606,43.62429647826015,62.019073177157615,53.662722870683815
2026p110868,2026-02-11 00:31:50.337000+00:00,-39.2379264831543,175.0452117919922,17.73309326171875,2.5259286366477016,51.5325111350516,42.99589444395166,61.591529880973575,53.22115877237559
2026p111873,2026-02-11 09:26:16.031000+00:00,-38.36348342895508,176.18051147460938,4.058978080749512,2.403143648241035,100.1042710393771,92.79131071522352,117.62985736583381,102.33517182519657
2026p113505,2026-02-11 23:55:31.195000+00:00,-39.87461853027344,176.60543823242188,36.3885612487793,2.296538527411823,115.55857429493808,112.48804150516297,139.49810840427736,120.24066483516387
2026p114206,2026-02-12 06:09:18.466000+00:00,-40.27730178833008,174.7562713623047,12.0,2.18060515956289,145.3509418739057,128.83137522967678,153.39347356550448,145.1310219080545
2026p114524,2026-02-12 08:58:53.376000+00:00,-39.31975555419922,175.06723022460938,19.552902221679688,2.0748139560166106,52.057287602024196,46.80502855070057,63.00012263168719,54.85999887539886
2026p114889,2026-02-12 12:13:10.633000+00:00,-38.36334991455078,176.18087768554688,3.804120302200317,2.869508415382624,100.13247374221046,92.80516313439321,117.64483219102361,102.35173126954648
2026p119930,2026-02-14 08:59:29.941000+00:00,-40.17398071289063,174.57139587402344,12.0,2.051085063414286,145.08308006227108,129.01497966782827,153.0807528059774,143.73916799900354
2026p120046,2026-02-14 10:01:17.434000+00:00,-39.33518981933594,175.08729553222656,20.65680885314941,3.192179254072,51.07232123326602,45.93187079268833,62.51751360715713,54.271729372907075
2026p121023,2026-02-14 18:41:07.013000+00:00,-39.357200622558594,174.92726135253906,12.0,2.2744117873039404,64.81835889163959,55.703052974167,73.42736657204405,64.71447460636148
2026p121107,2026-02-14 19:26:14.633000+00:00,-38.6261100769043,175.27601623535156,5.0,2.341803111615451,66.52303930553283,51.70417567460131,78.66921137738366,68.15407470716585
2026p121552,2026-02-14 23:23:18.983000+00:00,-38.80780792236328,175.49868774414062,5.0,2.1579009339340374,40.42393433652245,30.30926343242695,55.12987724898702,42.38774144416088
2026p121593,2026-02-14 23:45:07.651000+00:00,-39.30101776123047,175.0287322998047,21.699275970458984,3.0252687950626926,54.54485749436216,49.192290687113505,65.95751170021506,58.026712114419865
2026p121913,2026-02-15 02:35:45.333000+00:00,-39.30392837524414,174.96238708496094,17.749738693237305,2.526230551853012,60.13006550418729,52.05788053312088,69.99767076288241,61.74211004808497
2026p122916,2026-02-15 11:29:55.697000+00:00,-39.48202896118164,176.0546417236328,5.0,2.0376563965857937,51.28454096298817,42.41190306925578,70.3772681383731,50.803656192328425
2026p123774,2026-02-15 19:07:09.152000+00:00,-38.628231048583984,176.08497619628906,5.0,2.2751638172452973,70.58088321823871,63.43936209798907,88.08666414357683,73.69876329585266
2026p123818,2026-02-15 19:30:17.654000+00:00,-38.64701461791992,176.07887268066406,5.0,2.419756703744774,68.55436647566744,61.429204307219074,86.04431037463384,71.67429583866712
2026p126188,2026-02-16 16:33:25.572000+00:00,-39.08784103393555,176.7122039794922,33.795352935791016,2.33275631898073,93.67795824366961,93.59420993581452,115.67811609173637,102.2390535848076
2026p126745,2026-02-16 21:29:58.160000+00:00,-40.16622543334961,175.0373992919922,26.85024070739746,2.413534062499968,123.1786494332785,109.66159487855711,133.60083302653027,125.35646652370225
2026p127307,2026-02-17 02:29:15.120000+00:00,-38.63487243652344,176.106689453125,4.610819339752197,2.173765773965589,71.04214653359455,63.879711583151355,88.44904381393846,74.10585114285367
2026p128026,2026-02-17 08:52:15.180000+00:00,-39.44783020019531,176.29710388183594,30.987648010253903,2.154027455776024,65.81138382590981,67.25165048039315,90.99542250531947,74.4354117889281
2026p128338,2026-02-17 11:38:36.520000+00:00,-40.1745491027832,174.3860321044922,21.5803337097168,2.734805519289386,155.60390153863855,141.1752359288856,164.74112437444066,154.68731299519334
2026p129197,2026-02-17 19:16:34.956000+00:00,-39.47251129150391,175.71253967285156,10.358051300048828,2.167442215969892,35.741877144975156,26.111670538529673,51.771559049269875,36.440356457865185
2026p130004,2026-02-18 02:26:22.851000+00:00,-40.13524627685547,174.90003967285156,22.66601181030273,2.030141225759499,125.53182153340202,110.999782114351,135.135377812889,127.01763669110662
2026p131423,2026-02-18 15:02:27.206000+00:00,-39.88573455810547,176.65176391601562,30.740169525146484,3.130644877642,119.30326021869075,114.41719067847744,141.79276594407474,122.20649005847363
2026p131683,2026-02-18 17:21:14.402000+00:00,-39.49807357788086,175.70033264160156,7.551952362060547,2.103839649065619,38.35574250134818,27.406185108099173,53.25398317866399,38.14538033608819
2026p132476,2026-02-19 00:23:38.698000+00:00,-38.63542175292969,176.1004180908203,4.548515319824219,2.100059933521509,70.6785066230648,63.50756991010687,88.09681682519691,73.74255170611303
2026p133739,2026-02-19 11:36:20.993000+00:00,-38.61555099487305,176.5438995361328,5.0,2.334777030934068,99.30085587741192,91.83060353283541,115.14117917305978,101.96632029600954
2026p134231,2026-02-19 15:58:38.623000+00:00,-40.05509567260742,176.5830078125,34.10334777832031,3.4198525186667927,128.8942052514792,123.53203088176146,151.20060338646527,132.50510074293342
2026p135251,2026-02-20 01:01:55.087000+00:00,-39.85696029663086,176.6195068359375,37.20079040527344,2.163079821704605,115.11199334658566,112.49939955341944,139.36495328225445,120.12708606045473
2026p136896,2026-02-20 15:38:33.578000+00:00,-38.652042388916016,176.10256958007812,3.392789363861084,2.1314061344689,69.283077767465,62.03473536799779,86.58005208186768,72.25185091396955
2026p138023,2026-02-21 01:38:52.077000+00:00,-40.02997589111328,176.67738342285156,33.27610397338867,2.424361565947793,132.1241735543174,126.81291953488358,154.49444540966206,135.129302841651
2026p138396,2026-02-21 04:57:40.736000+00:00,-39.27091217041016,174.72970581054688,20.4793643951416,2.0962009217038418,78.99808576623002,68.56543839549309,88.74448655811398,80.05231874603683
2026p138646,2026-02-21 07:10:51.267000+00:00,-40.28377914428711,176.64993286132812,16.04515266418457,2.438539314766224,152.54647717461808,142.51740962318684,170.99533632766233,152.5816428699319
2026p139161,2026-02-21 11:45:22.734000+00:00,-40.11494064331055,174.95980834960938,16.625226974487305,2.1905488244832405,121.0604448083443,105.36950466817649,129.76369649184352,121.51628999795716
2026p139362,2026-02-21 13:32:34.560000+00:00,-39.84492111206055,175.63746643066406,35.49762344360352,3.619474938592531,76.41870924101218,71.73773839742249,94.9558547590485,83.67129837343957
2026p139725,2026-02-21 16:45:34.167000+00:00,-39.84454345703125,175.62786865234375,34.22256088256836,2.6473715409862573,76.37665482969024,70.95801648919381,94.286976311089,83.0780009726235
2026p142668,2026-02-22 18:53:40.211000+00:00,-40.02702713012695,176.693359375,34.3477783203125,2.1359982838778366,132.82303298749116,127.84688088320398,155.46280890837394,136.0404748479079
2026p143980,2026-02-23 06:32:59.053000+00:00,-40.29281234741211,174.7876739501953,12.0,2.0787765677069414,145.46458255976898,128.90408915362931,153.506727442749,145.23968153632396
2026p146967,2026-02-24 09:04:02.105000+00:00,-39.84494018554688,175.62059020996094,32.06720733642578,2.5214708343445684,76.42655526253223,69.85986997882618,93.43415479798189,82.22060825642245
2026p148031,2026-02-24 18:31:16.457000+00:00,-39.89785003662109,176.62384033203125,33.14616775512695,2.390062698946087,118.47581849616294,114.15633788138008,141.46151179969968,122.02067765847964
2026p148210,2026-02-24 20:06:20.766000+00:00,-40.2775764465332,174.76405334472656,12.0,2.215857452057629,145.03327177054692,128.5075623845732,153.07725487139902,144.84988918324865
2026p148813,2026-02-25 01:28:07.856000+00:00,-38.66670989990234,176.0859832763672,5.0,2.010952830372565,67.11793075113269,60.01962588725708,84.54874771682333,70.22618542488806
2026p148851,2026-02-25 01:47:55.321000+00:00,-38.65648651123047,176.0827178955078,4.812882900238037,2.102958329083472,67.87911006514159,60.74726210020309,85.32555166610199,70.9763628084253
2026p149039,2026-02-25 03:28:24.995000+00:00,-40.3000602722168,174.76287841796875,12.0,2.1154249411870203,147.2260599078453,130.67167086075403,155.26209468464242,147.01748916185838
2026p151276,2026-02-25 23:19:56.085000+00:00,-39.268436431884766,174.8736114501953,24.53136444091797,2.412538178380937,66.71041750131556,59.27229337070938,78.15473886981422,69.83973025518404
2026p151934,2026-02-26 05:10:30.597000+00:00,-40.26210403442383,174.78054809570312,12.0,2.1406739818645204,142.83744212596693,126.32108302337244,150.8898926111157,142.66396027818752
2026p152794,2026-02-26 12:48:50.300000+00:00,-40.28183364868164,174.779541015625,12.0,2.4129082036059706,144.76258914435587,128.2206629645293,152.80775414383396,144.56185320037912
2026p155289,2026-02-27 10:58:04.549000+00:00,-40.09748077392578,176.6511993408203,34.35239028930664,2.360357355875599,136.23666275752714,130.71161886819112,158.4638864357079,139.6012104260614
2026p158764,2026-02-28 17:49:52.276000+00:00,-38.36001586914063,176.19577026367188,3.940331697463989,2.7793091043435814,101.07917465535333,93.75611688769767,118.58710853844475,103.37662543868407
2026p159028,2026-02-28 20:10:08.302000+00:00,-40.28929901123047,174.7672119140625,19.218530654907227,2.1547282932454634,146.0107841682237,130.4488521866914,154.83973631207942,146.66006528898117
2026p159725,2026-03-01 02:21:50.195000+00:00,-40.075103759765625,176.64515686035156,35.09268951416016,3.3472143959430656,134.01304593361502,128.84630193676875,156.52221401339392,137.60769183815057
2026p160827,2026-03-01 12:08:56.306000+00:00,-40.32819747924805,176.4994659423828,12.622332572937012,2.321555275603693,149.80496209646827,138.93849518446515,167.2213068607483,149.66090241668547
2026p163110,2026-03-02 08:25:17.716000+00:00,-39.25791931152344,176.38848876953125,34.261173248291016,2.694632062963996,66.25511565765125,69.80986263273157,91.82419650200983,77.41991003507023
2026p166179,2026-03-03 11:40:14.594000+00:00,-40.12510299682617,176.79588317871094,17.205135345458984,2.128308813741685,146.74310239544556,137.8397128296432,166.24778211881357,146.40016827551352
2026p166211,2026-03-03 11:57:44.402000+00:00,-38.320045471191406,176.32809448242188,5.0,2.447983163932028,110.8233404437672,103.55553992855934,128.25233552303823,113.6866705894891
2026p166406,2026-03-03 13:41:28.189000+00:00,-40.17389297485352,176.49790954589844,33.8568229675293,2.2277915007772564,135.1672854983986,128.85382839444426,156.52672893585324,138.80539015540273
2026p167614,2026-03-04 00:25:05.125000+00:00,-40.103172302246094,175.02139282226562,12.0,2.070930800788422,117.46109967300453,101.0533684241911,125.61568377222488,117.25196735540104
2026p168626,2026-03-04 09:24:00.488000+00:00,-39.164310455322266,174.9082794189453,17.919893264770508,2.3292309286244155,62.60331657055789,50.6461254545041,72.02182235286162,63.65949920450011
2026p170894,2026-03-05 05:32:19.856000+00:00,-40.32720947265625,175.07923889160156,5.0,2.113535621440166,138.35056368079933,121.23316326648144,145.8387092415854,137.23661706634977
2026p172615,2026-03-05 20:49:35.441000+00:00,-40.2680778503418,176.3229217529297,26.46646308898926,2.806918971052712,136.86769467469725,128.06219477101737,155.5380614858892,138.97206996554613
2026p172647,2026-03-05 21:06:28.534000+00:00,-39.58098983764648,176.77621459960938,25.91263961791992,2.0733631346601245,109.23733741446034,106.26921421603586,131.35645852965575,113.81182211058702
2026p176350,2026-03-07 05:59:17.730000+00:00,-39.79191589355469,176.81016540527344,32.35553741455078,2.1530725568159004,123.458416083021,120.03460197080591,146.5817107045242,127.57831580745727
2026p176742,2026-03-07 09:28:26.177000+00:00,-39.957462310791016,175.42686462402344,18.062803268432617,2.518001785943092,90.65316119738122,76.55407546483806,100.2690983497019,91.42810922204632
2026p176996,2026-03-07 11:43:54.034000+00:00,-40.2781867980957,174.80621337890625,18.547231674194336,2.5710741652941955,143.26967467824872,127.60910273292939,152.03348748188498,143.81357053911086
2026p178754,2026-03-08 03:20:22.038000+00:00,-39.2816276550293,174.82630920410156,20.645959854125977,2.272375528951017,70.99371624744819,61.727997211089956,81.08478217130974,72.5993654471878
2026p178790,2026-03-08 03:39:21.381000+00:00,-40.11495208740234,174.986328125,14.582867622375488,3.0522830837742507,119.99230315223184,103.95488458346097,128.43311479318203,120.12835896126602
2026p178891,2026-03-08 04:33:09.291000+00:00,-40.12112045288086,174.9649658203125,15.360422134399414,2.545267281333905,121.45323438457967,105.53318801658993,129.98347518189826,121.70778938879928
2026p179742,2026-03-08 12:06:49.015000+00:00,-39.940521240234375,176.74395751953125,31.5088005065918,2.518760309836858,129.22916398062748,124.20486424800075,151.66456821575719,131.97613154525186
2026p180770,2026-03-08 21:14:34.388000+00:00,-38.65885162353516,176.09535217285156,5.0,2.0096623200522514,68.30242326739315,61.19959548540557,85.72218664929372,71.40354979973338
2026p181704,2026-03-09 05:32:14.408000+00:00,-40.36671447753906,176.34251403808594,26.04470443725586,2.3406578890984373,147.48659206765245,138.27443768158062,165.68008457769534,149.16529391492543
2026p182195,2026-03-09 09:53:56.089000+00:00,-38.481719970703125,176.22494506835938,3.752152442932129,2.161461547276218,90.88648724287106,83.59270681230261,108.22620923015837,93.84969029755439
2026p182222,2026-03-09 10:08:04.224000+00:00,-39.60442352294922,176.74839782714844,27.08099365234375,2.4310518988064125,108.23530049480925,105.29078113190415,130.64531817688967,112.68407871246006
2026p182310,2026-03-09 10:54:50.618000+00:00,-39.91721725463867,176.5832977294922,26.99291610717773,2.381356347660186,117.52096496617112,111.26276366083924,139.0145868105031,119.4046450403314
2026p182919,2026-03-09 16:19:36.027000+00:00,-39.9353141784668,176.63099670410156,22.87963104248047,2.3723769887731483,121.81846476997278,114.56511585579182,142.53163195730798,122.70848736245915
2026p183451,2026-03-09 21:03:03.739000+00:00,-40.19415283203125,176.29710388183594,39.28641891479492,2.232851566109922,128.532190950328,123.6061385363671,150.4078594436855,134.1555247016957
2026p185691,2026-03-10 16:56:12.493000+00:00,-39.190616607666016,175.04283142089844,19.93411636352539,2.099082025066497,51.098205197879096,42.237754536315094,61.77502699328716,53.5133520692798
2026p187007,2026-03-11 04:37:32.652000+00:00,-39.49383163452149,176.02590942382812,10.0,2.239294401434338,50.51795652443,42.277641678385194,70.01339397472849,50.83058107760234
2026p188837,2026-03-11 20:52:46.860000+00:00,-38.4921760559082,176.51187133789062,5.0,2.331421331698245,106.16860382218911,98.75189612642602,122.73178530573294,108.9821768215856
2026p189015,2026-03-11 22:27:38.954000+00:00,-40.10060119628906,175.02774047851562,12.0,2.15549932652908,116.96324952586036,100.55887512656744,125.11916762308687,116.75015065244588
2026p192233,2026-03-13 03:02:15.545000+00:00,-39.08487701416016,174.5433349609375,24.087581634521484,2.243629619877604,94.52853468131129,81.39808436844497,104.2384649063442,96.23238483491967
2026p192334,2026-03-13 03:55:45.572000+00:00,-39.82877349853516,176.64834594726562,28.65365982055664,2.1351275691352822,114.90950950821184,109.95045960717638,137.18653875757215,117.53626131181638
2026p193740,2026-03-13 16:24:58.445000+00:00,-40.26778411865234,176.5753936767578,16.581932067871094,2.2941588483690443,147.5008906247833,137.42430372774808,165.8193725260625,147.6873302711566
2026p193794,2026-03-13 16:53:44.268000+00:00,-40.27138519287109,174.81105041503906,20.77878761291504,2.6581544268495176,142.40987916191474,127.14281926550214,151.4896017859201,143.29361943608245
2026p194349,2026-03-13 21:49:31.247000+00:00,-40.08663940429688,174.96163940429688,21.1519775390625,2.117169390885956,118.23718159333434,103.52783878999043,127.68654783736852,119.53182916033676
2026p195209,2026-03-14 05:27:50.273000+00:00,-39.67207717895508,174.75038146972656,36.10982131958008,2.1338477007148664,95.11139995978604,88.77503088266099,109.3524200780435,100.04385360163286
2026p197619,2026-03-15 02:51:54.198000+00:00,-39.93144607543945,176.49407958984375,25.341028213500977,2.3791308027723184,113.5097770033973,106.55008851589977,134.45873147749236,115.31721615932636
2026p198638,2026-03-15 11:54:30.510000+00:00,-40.34598922729492,176.7257843017578,14.628230094909668,2.248005170720852,161.9134040766999,151.70114564997058,180.23745248327998,161.72547935296876
2026p198754,2026-03-15 12:56:34.183000+00:00,-40.11614227294922,174.96340942382812,15.220206260681152,2.1824813536694263,121.03047817299402,105.09662398857778,129.547120015671,121.2775086686924
2026p199724,2026-03-15 21:33:01.947000+00:00,-39.7978401184082,176.63299560546875,27.99419403076172,2.089980783422718,111.70351135819297,106.83222151790191,133.96406389764263,114.32297664167257
2026p200314,2026-03-16 02:47:35.822000+00:00,-40.336875915527344,176.7375030517578,13.068345069885254,2.264517449518915,161.6789698690386,151.3623156064398,179.93919431960296,161.33042841951766
2026p200973,2026-03-16 08:38:56.664000+00:00,-40.1118392944336,174.95736694335938,17.055692672729492,2.283428159618456,120.8588881395207,105.25203500130212,129.62483611898412,121.38943211801163
2026p201523,2026-03-16 13:31:50.200000+00:00,-40.33519744873047,176.46617126464844,15.373967170715332,2.1604249625867262,149.09022863461766,138.44619185332112,166.5861022652326,149.26776925368068
2026p201919,2026-03-16 17:02:33.555000+00:00,-40.29302215576172,175.84811401367188,23.84470748901367,2.457937655880444,127.51929673106774,116.26678469065162,142.37137866666504,128.66278264506255
2026p203221,2026-03-17 04:36:12.513000+00:00,-38.443477630615234,176.1598358154297,4.239386558532715,2.238789466951254,91.46453641961209,84.17559858628968,108.98028765756145,94.04547074898073
2026p205989,2026-03-18 05:11:17.900000+00:00,-39.88284683227539,176.22715759277344,20.49890899658203,2.8474612688666534,95.47368966421371,87.00749101070882,114.9063744497753,97.13588744328476
2026p206607,2026-03-18 10:40:14.854000+00:00,-40.22488784790039,175.25802612304688,20.05788993835449,2.1730092299464223,122.88032114210844,108.06581861302318,131.83841185013608,123.44887869789551
2026p207461,2026-03-18 18:15:36.078000+00:00,-39.511627197265625,175.68267822265625,7.28461217880249,2.1841756100585137,39.6488248149682,27.93751991178224,53.940842884033366,39.332019132939294
2026p207967,2026-03-18 22:44:59.928000+00:00,-40.31303024291992,176.71315002441406,15.439863204956056,2.876423252183032,158.31991417006495,148.2687746316389,176.79524232458513,158.22217116831163
2026p208346,2026-03-19 02:07:08.734000+00:00,-40.36037063598633,175.65811157226562,30.45720100402832,2.323524208446812,133.6692667223591,122.63354360062306,147.8039192571473,136.08565856789932
2026p208507,2026-03-19 03:32:57.608000+00:00,-40.27072143554688,174.78111267089844,12.0,2.08100465596018,143.63356391616026,127.1051382924966,151.68303266627564,143.44700571700633
2026p209045,2026-03-19 08:19:27.218000+00:00,-40.28644180297852,174.82144165039062,22.81144523620605,3.0604823894419426,143.4274714842194,128.50582921076,152.8018782450321,144.59971176457094
2026p209457,2026-03-19 11:59:08.959000+00:00,-39.24296569824219,174.64041137695312,22.81877899169922,2.137515756924857,86.23572614872174,75.40026012476466,96.27568973500723,87.50620236014394
2026p210905,2026-03-20 00:50:42.463000+00:00,-39.754241943359375,176.7243194580078,32.31533432006836,2.6260207073695483,115.02992757431817,111.9292258561263,138.3694284200252,119.44889851967326
2026p211824,2026-03-20 08:59:51.778000+00:00,-39.50301361083984,175.7472686767578,10.0,2.2497387245388727,39.7081298907862,29.631637592807195,56.00374187306221,40.11159970464569
2026p212454,2026-03-20 14:35:38.468000+00:00,-40.29164123535156,174.78280639648438,12.0,2.351008381929024,145.56053066271605,129.00427801244413,153.6025068603654,145.34248620011573
2026p212644,2026-03-20 16:16:53.255000+00:00,-40.295536041259766,174.78684997558594,12.0,2.269370698161598,145.76134649726833,129.19805161473238,153.80233555143366,145.53353889551502
2026p213942,2026-03-21 03:48:42.947000+00:00,-40.339988708496094,175.82861328125,25.405332565307617,2.061051502488313,132.45832058441343,121.22842565854468,147.22936093381747,133.80972121298237
2026p214115,2026-03-21 05:20:48.292000+00:00,-39.886192321777344,175.00726318359375,27.010541915893555,2.0530985129251933,97.21915598929506,85.17133491460419,108.42769245196541,100.42170179742209
2026p214211,2026-03-21 06:12:02.624000+00:00,-39.26304626464844,176.35726928710938,35.72584533691406,2.483531260397859,63.70024916688223,68.45802826817918,90.1372798503435,75.87405376324811
2026p215807,2026-03-21 20:22:23.386000+00:00,-38.93941116333008,175.81507873535156,3.97457504272461,2.4816110432967373,28.8312905717373,22.00870401982502,46.5044861938934,32.17182769607055
2026p215817,2026-03-21 20:27:46.049000+00:00,-38.93584060668945,175.81167602539062,4.571358203887939,2.029688895394022,29.00529399631933,22.318994030208618,46.78169940864439,32.458818225591216
2026p218000,2026-03-22 15:50:28.819000+00:00,-40.21794128417969,174.7035369873047,12.0,2.087608167403451,142.25121354597368,125.88168739949477,150.2923286525402,141.62856414927543
2026p219193,2026-03-23 02:26:51.679000+00:00,-38.93806838989258,175.8302001953125,3.230884075164795,2.680043542357374,29.690835017736394,22.70921315577698,47.20518931576633,32.88021702199026
2026p220587,2026-03-23 14:48:59.478000+00:00,-39.49396896362305,176.81163024902344,30.25261878967285,2.106252352670236,108.34894222574715,107.61773571188156,131.2959449278767,114.66757153835016
2026p221691,2026-03-24 00:37:28.498000+00:00,-38.88516998291016,176.16839599609375,5.0,2.5645410473333747,55.33270011303599,48.07072712047695,71.00063729126205,58.06150061755167
2026p222192,2026-03-24 05:04:22.926000+00:00,-40.13034057617188,174.40179443359375,5.0,2.249588738041685,151.15161721409729,135.0178303835345,158.84818471133366,148.66114886340776
2026p222826,2026-03-24 10:42:08.685000+00:00,-39.26874542236328,174.71009826660156,20.772117614746094,2.094780016154433,80.63367507531916,70.09744333544639,90.39530726978705,81.67652339739794
2026p223054,2026-03-24 12:43:26.772000+00:00,-39.70724487304688,176.78073120117188,28.81045913696289,2.1085710488693605,116.2294833994977,112.65024159233514,138.81292182212297,120.19190974380855
2026p223306,2026-03-24 14:57:33.134000+00:00,-40.011138916015625,176.55084228515625,34.6634407043457,2.237899725581531,123.38731719223094,118.49940355080226,146.04130282034723,127.33356388883917
2026p227805,2026-03-26 06:54:38.439000+00:00,-40.18870544433594,176.3414764404297,39.06452560424805,2.0367098958777987,129.73209907692268,124.78153059392525,151.7602706025937,135.18698110519858
2026p228651,2026-03-26 14:25:40.210000+00:00,-39.23649215698242,174.68540954589844,24.23950386047364,2.022756150231176,82.29716248678457,72.16404932396915,92.84253383231058,84.15160818674997
2026p229767,2026-03-27 00:20:12.725000+00:00,-40.21540069580078,174.90420532226562,12.0,2.035292071082165,133.12451027683255,116.60364347090433,141.2107779623676,132.8806793859996
2026p237023,2026-03-29 16:46:16.208000+00:00,-38.60210037231445,176.0228271484375,4.445863723754883,2.0936713658042083,70.26088443262651,63.052855419701956,87.86437289352783,73.01907748151615
2026p237057,2026-03-29 17:04:20.214000+00:00,-38.61563491821289,176.0171356201172,4.396096229553223,2.042714006515139,68.70553703458319,61.498762036729815,86.3055411044112,71.52800879221058
2026p240380,2026-03-30 22:34:40.227000+00:00,-38.61529922485352,176.11012268066406,4.298382759094238,2.068019442776117,72.99638953348277,65.78884640160568,90.40876288104704,76.0380238723726
2026p240397,2026-03-30 22:43:43.165000+00:00,-38.6417121887207,176.10806274414062,4.2909345626831055,2.024967443145726,70.49296962712806,63.31016310596515,87.85802731080115,73.52721335729738
2026p240405,2026-03-30 22:49:21.864000+00:00,-38.63460159301758,176.11428833007812,4.238537788391113,2.1483502163664423,71.45029278343134,64.25905204417722,88.80919487941135,74.47738796241586
2026p241983,2026-03-31 12:49:04.349000+00:00,-40.27569961547852,174.5454559326172,30.79538154602051,2.1345105488088936,155.32425590448642,142.1811974224273,165.87644812608613,156.93581972693949
2026p242635,2026-03-31 18:36:26.114000+00:00,-39.33726119995117,175.41038513183594,13.49211597442627,2.0164279712581505,27.747156780092165,20.015531380053968,38.268455864999716,31.323585235115456
2026p242956,2026-03-31 21:28:43.092000+00:00,-39.865867614746094,176.63629150390625,29.143049240112305,2.3237003440919004,116.84061930284467,111.66510845194026,139.0633627235201,119.43758360135104
2026p243045,2026-03-31 22:14:35.709000+00:00,-39.76180648803711,176.68490600585938,29.21842193603516,2.213548284108536,112.77039281029782,108.65922686061721,135.4070326313954,116.12784000814707
