event_id,origintime,event_magnitude,event_azimuth_from_crater_deg,station,frequency_band,frequency_min_hz,frequency_max_hz,window_index,reference,coda_rms,denominator_rms,site_ratio,snr
2025p910674,2025-12-03T22:47:13.676Z,4.780924459628688,158.96376595736206,OTVZ,1-10Hz,1.0,10.0,0,OTVZ,3.5763057056485174e-06,3.5763057056485174e-06,1.0,32.81985405606522
2025p910674,2025-12-03T22:47:13.676Z,4.780924459628688,158.96376595736206,SNVZ,1-10Hz,1.0,10.0,0,OTVZ,1.9582608809673992e-06,3.5763057056485174e-06,0.5475652928312217,30.919331761252057
2025p910674,2025-12-03T22:47:13.676Z,4.780924459628688,158.96376595736206,ETVZ,1-10Hz,1.0,10.0,0,OTVZ,3.7398185488208415e-06,3.5763057056485174e-06,1.0457211593835694,14.109631917729653
2025p910674,2025-12-03T22:47:13.676Z,4.780924459628688,158.96376595736206,NGZ,1-10Hz,1.0,10.0,0,OTVZ,3.705446365812721e-06,3.5763057056485174e-06,1.0361100730175934,20.20540800143691
2025p910674,2025-12-03T22:47:13.676Z,4.780924459628688,158.96376595736206,WTVZ,1-10Hz,1.0,10.0,0,OTVZ,2.174229212413464e-06,3.5763057056485174e-06,0.6079539590196177,23.591201421856375
2025p910674,2025-12-03T22:47:13.676Z,4.780924459628688,158.96376595736206,NOVZ,1-10Hz,1.0,10.0,0,OTVZ,2.790570209718783e-06,3.5763057056485174e-06,0.7802940909976679,34.63948054950309
2025p910674,2025-12-03T22:47:13.676Z,4.780924459628688,158.96376595736206,KRVZ,1-10Hz,1.0,10.0,0,OTVZ,1.8221870456960589e-06,3.5763057056485174e-06,0.5095165781879456,18.226972879544
2025p910674,2025-12-03T22:47:13.676Z,4.780924459628688,158.96376595736206,NTVZ,1-10Hz,1.0,10.0,0,OTVZ,2.2919797293938698e-06,3.5763057056485174e-06,0.6408791412249386,26.951305981379086
2025p910674,2025-12-03T22:47:13.676Z,4.780924459628688,158.96376595736206,COVZ,1-10Hz,1.0,10.0,0,OTVZ,3.1816932741644793e-06,3.5763057056485174e-06,0.8896592003136711,42.151304386819916
2025p910674,2025-12-03T22:47:13.676Z,4.780924459628688,158.96376595736206,FWVZ,1-10Hz,1.0,10.0,0,OTVZ,2.811390193130988e-06,3.5763057056485174e-06,0.7861157363283009,56.45796942684589
2025p910674,2025-12-03T22:47:13.676Z,4.780924459628688,158.96376595736206,WHVZ,1-10Hz,1.0,10.0,0,OTVZ,3.6124708215338527e-06,3.5763057056485174e-06,1.0101124229475726,59.489790525557595
2025p910674,2025-12-03T22:47:13.676Z,4.780924459628688,158.96376595736206,TWVZ,1-10Hz,1.0,10.0,0,OTVZ,1.4568929133891892e-06,3.5763057056485174e-06,0.4073737071996199,14.689120229581286
2025p910674,2025-12-03T22:47:13.676Z,4.780924459628688,158.96376595736206,MAVZ,1-10Hz,1.0,10.0,0,OTVZ,2.645465672738816e-06,3.5763057056485174e-06,0.7397202282121725,2.7026964945619603
2025p910674,2025-12-03T22:47:13.676Z,4.780924459628688,158.96376595736206,TRVZ,1-10Hz,1.0,10.0,0,OTVZ,2.73140958715385e-06,3.5763057056485174e-06,0.7637517069191778,86.31769408206327
2025p910674,2025-12-03T22:47:13.676Z,4.780924459628688,158.96376595736206,TUVZ,1-10Hz,1.0,10.0,0,OTVZ,7.817946126829846e-06,3.5763057056485174e-06,2.1860396650325398,57.427894071348405
2025p910674,2025-12-03T22:47:13.676Z,4.780924459628688,158.96376595736206,OTVZ,1-10Hz,1.0,10.0,1,OTVZ,2.810143675507858e-06,2.810143675507858e-06,1.0,25.788764411575418
2025p910674,2025-12-03T22:47:13.676Z,4.780924459628688,158.96376595736206,SNVZ,1-10Hz,1.0,10.0,1,OTVZ,2.7190023348993448e-06,2.810143675507858e-06,0.9675670175148459,42.930814821179794
2025p910674,2025-12-03T22:47:13.676Z,4.780924459628688,158.96376595736206,ETVZ,1-10Hz,1.0,10.0,1,OTVZ,2.68079702631744e-06,2.810143675507858e-06,0.9539715174288937,10.114142917283905
2025p910674,2025-12-03T22:47:13.676Z,4.780924459628688,158.96376595736206,NGZ,1-10Hz,1.0,10.0,1,OTVZ,3.1760470915026882e-06,2.810143675507858e-06,1.1302080812393704,17.318649625498928
2025p910674,2025-12-03T22:47:13.676Z,4.780924459628688,158.96376595736206,WTVZ,1-10Hz,1.0,10.0,1,OTVZ,1.875160233952499e-06,2.810143675507858e-06,0.6672826910224134,20.346190974190772
2025p910674,2025-12-03T22:47:13.676Z,4.780924459628688,158.96376595736206,NOVZ,1-10Hz,1.0,10.0,1,OTVZ,2.673631602467719e-06,2.810143675507858e-06,0.9514216749022743,33.18791606377477
2025p910674,2025-12-03T22:47:13.676Z,4.780924459628688,158.96376595736206,KRVZ,1-10Hz,1.0,10.0,1,OTVZ,1.7734600686252535e-06,2.810143675507858e-06,0.6310923117853567,17.739566665308477
2025p910674,2025-12-03T22:47:13.676Z,4.780924459628688,158.96376595736206,NTVZ,1-10Hz,1.0,10.0,1,OTVZ,1.954203075052591e-06,2.810143675507858e-06,0.6954103777983599,22.9794026317252
2025p910674,2025-12-03T22:47:13.676Z,4.780924459628688,158.96376595736206,COVZ,1-10Hz,1.0,10.0,1,OTVZ,2.314469588353164e-06,2.810143675507858e-06,0.8236125464065056,30.662261791508154
2025p910674,2025-12-03T22:47:13.676Z,4.780924459628688,158.96376595736206,FWVZ,1-10Hz,1.0,10.0,1,OTVZ,2.3203708398155716e-06,2.810143675507858e-06,0.8257125285226661,46.59738312146434
2025p910674,2025-12-03T22:47:13.676Z,4.780924459628688,158.96376595736206,WHVZ,1-10Hz,1.0,10.0,1,OTVZ,2.7003960970025065e-06,2.810143675507858e-06,0.9609459190781349,44.469839642470035
2025p910674,2025-12-03T22:47:13.676Z,4.780924459628688,158.96376595736206,TWVZ,1-10Hz,1.0,10.0,1,OTVZ,1.4247115343186955e-06,2.810143675507858e-06,0.5069888585184945,14.364651531864494
2025p910674,2025-12-03T22:47:13.676Z,4.780924459628688,158.96376595736206,MAVZ,1-10Hz,1.0,10.0,1,OTVZ,2.8378193333918335e-06,2.810143675507858e-06,1.0098484850170424,2.8992114483261697
2025p910674,2025-12-03T22:47:13.676Z,4.780924459628688,158.96376595736206,TRVZ,1-10Hz,1.0,10.0,1,OTVZ,2.444746163700392e-06,2.810143675507858e-06,0.869971946633145,77.25858928630244
2025p910674,2025-12-03T22:47:13.676Z,4.780924459628688,158.96376595736206,TUVZ,1-10Hz,1.0,10.0,1,OTVZ,7.066588220318013e-06,2.810143675507858e-06,2.514671503065023,51.908682047521324
2025p910674,2025-12-03T22:47:13.676Z,4.780924459628688,158.96376595736206,OTVZ,1-10Hz,1.0,10.0,2,OTVZ,2.2237348373587265e-06,2.2237348373587265e-06,1.0,20.407274665090988
2025p910674,2025-12-03T22:47:13.676Z,4.780924459628688,158.96376595736206,SNVZ,1-10Hz,1.0,10.0,2,OTVZ,2.6925885567853125e-06,2.2237348373587265e-06,1.210840659394208,42.51376294800322
2025p910674,2025-12-03T22:47:13.676Z,4.780924459628688,158.96376595736206,ETVZ,1-10Hz,1.0,10.0,2,OTVZ,2.3031288615553106e-06,2.2237348373587265e-06,1.0357030086783572,8.689271971735419
2025p910674,2025-12-03T22:47:13.676Z,4.780924459628688,158.96376595736206,NGZ,1-10Hz,1.0,10.0,2,OTVZ,2.354234405801167e-06,2.2237348373587265e-06,1.0586848603754588,12.837391775282045
2025p910674,2025-12-03T22:47:13.676Z,4.780924459628688,158.96376595736206,WTVZ,1-10Hz,1.0,10.0,2,OTVZ,2.1869993425332377e-06,2.2237348373587265e-06,0.9834802719243622,23.729762117351992
2025p910674,2025-12-03T22:47:13.676Z,4.780924459628688,158.96376595736206,NOVZ,1-10Hz,1.0,10.0,2,OTVZ,2.1294358393232845e-06,2.2237348373587265e-06,0.9575943154501968,26.432788209649473
2025p910674,2025-12-03T22:47:13.676Z,4.780924459628688,158.96376595736206,KRVZ,1-10Hz,1.0,10.0,2,OTVZ,1.6056116592054677e-06,2.2237348373587265e-06,0.7220337749947545,16.060612568035555
2025p910674,2025-12-03T22:47:13.676Z,4.780924459628688,158.96376595736206,NTVZ,1-10Hz,1.0,10.0,2,OTVZ,1.1441910300766421e-06,2.2237348373587265e-06,0.5145357309937509,13.454500560046439
2025p910674,2025-12-03T22:47:13.676Z,4.780924459628688,158.96376595736206,COVZ,1-10Hz,1.0,10.0,2,OTVZ,2.7776711341101175e-06,2.2237348373587265e-06,1.2491017757356973,36.79878962911816
2025p910674,2025-12-03T22:47:13.676Z,4.780924459628688,158.96376595736206,FWVZ,1-10Hz,1.0,10.0,2,OTVZ,1.7608296423244703e-06,2.2237348373587265e-06,0.7918343557615536,35.360750121108175
2025p910674,2025-12-03T22:47:13.676Z,4.780924459628688,158.96376595736206,WHVZ,1-10Hz,1.0,10.0,2,OTVZ,1.7350579515802861e-06,2.2237348373587265e-06,0.7802449835435984,28.572752331709594
2025p910674,2025-12-03T22:47:13.676Z,4.780924459628688,158.96376595736206,TWVZ,1-10Hz,1.0,10.0,2,OTVZ,8.705598961830948e-07,2.2237348373587265e-06,0.3914854781953747,8.777418617774007
2025p910674,2025-12-03T22:47:13.676Z,4.780924459628688,158.96376595736206,MAVZ,1-10Hz,1.0,10.0,2,OTVZ,2.467345319273916e-06,2.2237348373587265e-06,1.109550148615984,2.5207227649911927
2025p910674,2025-12-03T22:47:13.676Z,4.780924459628688,158.96376595736206,TRVZ,1-10Hz,1.0,10.0,2,OTVZ,1.9737609908967417e-06,2.2237348373587265e-06,0.887588285139745,62.37456960120814
2025p910674,2025-12-03T22:47:13.676Z,4.780924459628688,158.96376595736206,TUVZ,1-10Hz,1.0,10.0,2,OTVZ,5.309875437180603e-06,2.2237348373587265e-06,2.3878186139708477,39.0044852179242
2025p969626,2025-12-25T18:16:50.734Z,4.71959311567875,166.7650367596879,OTVZ,1-10Hz,1.0,10.0,0,OTVZ,3.3107816626306036e-06,3.3107816626306036e-06,1.0,18.94187886289612
2025p969626,2025-12-25T18:16:50.734Z,4.71959311567875,166.7650367596879,SNVZ,1-10Hz,1.0,10.0,0,OTVZ,1.9810189174251746e-06,3.3107816626306036e-06,0.598353838848782,11.76794100889385
2025p969626,2025-12-25T18:16:50.734Z,4.71959311567875,166.7650367596879,ETVZ,1-10Hz,1.0,10.0,0,OTVZ,3.918314360276181e-06,3.3107816626306036e-06,1.1835012874762807,16.273074532484905
2025p969626,2025-12-25T18:16:50.734Z,4.71959311567875,166.7650367596879,NGZ,1-10Hz,1.0,10.0,0,OTVZ,2.994629428435042e-06,3.3107816626306036e-06,0.9045082803967325,18.337950570027175
2025p969626,2025-12-25T18:16:50.734Z,4.71959311567875,166.7650367596879,WTVZ,1-10Hz,1.0,10.0,0,OTVZ,2.5383755179466476e-06,3.3107816626306036e-06,0.7666997635627124,11.487146415855118
2025p969626,2025-12-25T18:16:50.734Z,4.71959311567875,166.7650367596879,NOVZ,1-10Hz,1.0,10.0,0,OTVZ,2.6235445878242986e-06,3.3107816626306036e-06,0.7924245254335932,12.78549624550282
2025p969626,2025-12-25T18:16:50.734Z,4.71959311567875,166.7650367596879,KRVZ,1-10Hz,1.0,10.0,0,OTVZ,2.188842153875982e-06,3.3107816626306036e-06,0.661125491475878,9.09511380488025
2025p969626,2025-12-25T18:16:50.734Z,4.71959311567875,166.7650367596879,TMVZ,1-10Hz,1.0,10.0,0,OTVZ,3.122287263060217e-06,3.3107816626306036e-06,0.9430664964416237,14.277143125458412
2025p969626,2025-12-25T18:16:50.734Z,4.71959311567875,166.7650367596879,NTVZ,1-10Hz,1.0,10.0,0,OTVZ,1.92067654194385e-06,3.3107816626306036e-06,0.5801278180385244,7.171743441614971
2025p969626,2025-12-25T18:16:50.734Z,4.71959311567875,166.7650367596879,COVZ,1-10Hz,1.0,10.0,0,OTVZ,2.8143724901216585e-06,3.3107816626306036e-06,0.8500628482657114,14.111240690413643
2025p969626,2025-12-25T18:16:50.734Z,4.71959311567875,166.7650367596879,FWVZ,1-10Hz,1.0,10.0,0,OTVZ,1.83440624706284e-06,3.3107816626306036e-06,0.5540704383403224,15.674731738023382
2025p969626,2025-12-25T18:16:50.734Z,4.71959311567875,166.7650367596879,WHVZ,1-10Hz,1.0,10.0,0,OTVZ,2.586966038778412e-06,3.3107816626306036e-06,0.7813762133510552,39.59399095620517
2025p969626,2025-12-25T18:16:50.734Z,4.71959311567875,166.7650367596879,TWVZ,1-10Hz,1.0,10.0,0,OTVZ,1.2677483813684422e-06,3.3107816626306036e-06,0.38291512716702203,4.3395389357344865
2025p969626,2025-12-25T18:16:50.734Z,4.71959311567875,166.7650367596879,MAVZ,1-10Hz,1.0,10.0,0,OTVZ,3.4475510306074144e-06,3.3107816626306036e-06,1.0413102952455462,32.482022292382425
2025p969626,2025-12-25T18:16:50.734Z,4.71959311567875,166.7650367596879,TRVZ,1-10Hz,1.0,10.0,0,OTVZ,2.99823894585544e-06,3.3107816626306036e-06,0.9055985115832643,23.118252634013622
2025p969626,2025-12-25T18:16:50.734Z,4.71959311567875,166.7650367596879,TUVZ,1-10Hz,1.0,10.0,0,OTVZ,5.214709180372963e-06,3.3107816626306036e-06,1.5750688845574858,25.112795188582137
2025p969626,2025-12-25T18:16:50.734Z,4.71959311567875,166.7650367596879,OTVZ,1-10Hz,1.0,10.0,1,OTVZ,3.2028785440984692e-06,3.2028785440984692e-06,1.0,18.32453588820403
2025p969626,2025-12-25T18:16:50.734Z,4.71959311567875,166.7650367596879,SNVZ,1-10Hz,1.0,10.0,1,OTVZ,2.054746218654712e-06,3.2028785440984692e-06,0.6415311072100214,12.205906807192147
2025p969626,2025-12-25T18:16:50.734Z,4.71959311567875,166.7650367596879,ETVZ,1-10Hz,1.0,10.0,1,OTVZ,2.9919216269685555e-06,3.2028785440984692e-06,0.9341352117398841,12.425691038117998
2025p969626,2025-12-25T18:16:50.734Z,4.71959311567875,166.7650367596879,NGZ,1-10Hz,1.0,10.0,1,OTVZ,2.452586675213246e-06,3.2028785440984692e-06,0.765744514331432,15.018690724037738
2025p969626,2025-12-25T18:16:50.734Z,4.71959311567875,166.7650367596879,WTVZ,1-10Hz,1.0,10.0,1,OTVZ,2.361670537605599e-06,3.2028785440984692e-06,0.7373587555972562,10.687486961516223
2025p969626,2025-12-25T18:16:50.734Z,4.71959311567875,166.7650367596879,NOVZ,1-10Hz,1.0,10.0,1,OTVZ,2.847063800086317e-06,3.2028785440984692e-06,0.8889078249102621,13.874787451925103
2025p969626,2025-12-25T18:16:50.734Z,4.71959311567875,166.7650367596879,KRVZ,1-10Hz,1.0,10.0,1,OTVZ,1.6355749962887404e-06,3.2028785440984692e-06,0.5106578266298618,6.796168787831895
2025p969626,2025-12-25T18:16:50.734Z,4.71959311567875,166.7650367596879,TMVZ,1-10Hz,1.0,10.0,1,OTVZ,2.071589143715042e-06,3.2028785440984692e-06,0.6467897908686209,9.472662894245381
2025p969626,2025-12-25T18:16:50.734Z,4.71959311567875,166.7650367596879,NTVZ,1-10Hz,1.0,10.0,1,OTVZ,1.3900302317361768e-06,3.2028785440984692e-06,0.43399405022628973,5.190327460349593
2025p969626,2025-12-25T18:16:50.734Z,4.71959311567875,166.7650367596879,COVZ,1-10Hz,1.0,10.0,1,OTVZ,2.4563122608369123e-06,3.2028785440984692e-06,0.7669077134888058,12.31592962379526
2025p969626,2025-12-25T18:16:50.734Z,4.71959311567875,166.7650367596879,FWVZ,1-10Hz,1.0,10.0,1,OTVZ,1.6456323143137343e-06,3.2028785440984692e-06,0.5137979138628058,14.061686230948997
2025p969626,2025-12-25T18:16:50.734Z,4.71959311567875,166.7650367596879,WHVZ,1-10Hz,1.0,10.0,1,OTVZ,2.2920571933830762e-06,3.2028785440984692e-06,0.7156241367960562,35.0803568448731
2025p969626,2025-12-25T18:16:50.734Z,4.71959311567875,166.7650367596879,TWVZ,1-10Hz,1.0,10.0,1,OTVZ,9.527688077182646e-07,3.2028785440984692e-06,0.29747266235674424,3.261354854489152
2025p969626,2025-12-25T18:16:50.734Z,4.71959311567875,166.7650367596879,MAVZ,1-10Hz,1.0,10.0,1,OTVZ,2.7184851702270583e-06,3.2028785440984692e-06,0.8487631150535071,25.61293367868399
2025p969626,2025-12-25T18:16:50.734Z,4.71959311567875,166.7650367596879,TRVZ,1-10Hz,1.0,10.0,1,OTVZ,2.639783134996774e-06,3.2028785440984692e-06,0.8241908329183327,20.354339502601583
2025p969626,2025-12-25T18:16:50.734Z,4.71959311567875,166.7650367596879,TUVZ,1-10Hz,1.0,10.0,1,OTVZ,5.438959614033183e-06,3.2028785440984692e-06,1.6981473194026828,26.192731771173506
2025p969626,2025-12-25T18:16:50.734Z,4.71959311567875,166.7650367596879,OTVZ,1-10Hz,1.0,10.0,2,OTVZ,2.594558371078983e-06,2.594558371078983e-06,1.0,14.844171369682543
2025p969626,2025-12-25T18:16:50.734Z,4.71959311567875,166.7650367596879,SNVZ,1-10Hz,1.0,10.0,2,OTVZ,2.005126448763742e-06,2.594558371078983e-06,0.7728199415802245,11.911148125275682
2025p969626,2025-12-25T18:16:50.734Z,4.71959311567875,166.7650367596879,ETVZ,1-10Hz,1.0,10.0,2,OTVZ,2.2957466612878477e-06,2.594558371078983e-06,0.8848313789653265,9.534420439968807
2025p969626,2025-12-25T18:16:50.734Z,4.71959311567875,166.7650367596879,NGZ,1-10Hz,1.0,10.0,2,OTVZ,2.029695976025369e-06,2.594558371078983e-06,0.7822895790859745,12.429071900220807
2025p969626,2025-12-25T18:16:50.734Z,4.71959311567875,166.7650367596879,WTVZ,1-10Hz,1.0,10.0,2,OTVZ,2.0546796729703643e-06,2.594558371078983e-06,0.7919188467191423,9.298232698125151
2025p969626,2025-12-25T18:16:50.734Z,4.71959311567875,166.7650367596879,NOVZ,1-10Hz,1.0,10.0,2,OTVZ,2.742109708845265e-06,2.594558371078983e-06,1.0568695387280576,13.363307622026172
2025p969626,2025-12-25T18:16:50.734Z,4.71959311567875,166.7650367596879,KRVZ,1-10Hz,1.0,10.0,2,OTVZ,1.1402013393206473e-06,2.594558371078983e-06,0.43945873487767356,4.737783820196721
2025p969626,2025-12-25T18:16:50.734Z,4.71959311567875,166.7650367596879,TMVZ,1-10Hz,1.0,10.0,2,OTVZ,1.8818359323838226e-06,2.594558371078983e-06,0.7253010583073662,8.604986883539084
2025p969626,2025-12-25T18:16:50.734Z,4.71959311567875,166.7650367596879,NTVZ,1-10Hz,1.0,10.0,2,OTVZ,1.3199449964865065e-06,2.594558371078983e-06,0.5087359032657219,4.92863148225056
2025p969626,2025-12-25T18:16:50.734Z,4.71959311567875,166.7650367596879,COVZ,1-10Hz,1.0,10.0,2,OTVZ,2.2457072140764007e-06,2.594558371078983e-06,0.8655450727602989,11.259957638606856
2025p969626,2025-12-25T18:16:50.734Z,4.71959311567875,166.7650367596879,FWVZ,1-10Hz,1.0,10.0,2,OTVZ,1.4296746671653016e-06,2.594558371078983e-06,0.5510281376212599,12.216359880122177
2025p969626,2025-12-25T18:16:50.734Z,4.71959311567875,166.7650367596879,WHVZ,1-10Hz,1.0,10.0,2,OTVZ,1.949974628531137e-06,2.594558371078983e-06,0.7515632140972851,29.844720282199496
2025p969626,2025-12-25T18:16:50.734Z,4.71959311567875,166.7650367596879,TWVZ,1-10Hz,1.0,10.0,2,OTVZ,6.28942529229986e-07,2.594558371078983e-06,0.2424083174387908,2.1528882497856134
2025p969626,2025-12-25T18:16:50.734Z,4.71959311567875,166.7650367596879,MAVZ,1-10Hz,1.0,10.0,2,OTVZ,2.133705646797736e-06,2.594558371078983e-06,0.8223771993653028,20.103277303035398
2025p969626,2025-12-25T18:16:50.734Z,4.71959311567875,166.7650367596879,TRVZ,1-10Hz,1.0,10.0,2,OTVZ,1.6820393245850462e-06,2.594558371078983e-06,0.6482950406259493,12.969550041985753
2025p969626,2025-12-25T18:16:50.734Z,4.71959311567875,166.7650367596879,TUVZ,1-10Hz,1.0,10.0,2,OTVZ,5.415726410577593e-06,2.594558371078983e-06,2.0873403624083386,26.080846206749154
2025p806773,2025-10-26T12:08:40.296Z,4.4762516096843825,112.87093749788103,OTVZ,1-10Hz,1.0,10.0,0,OTVZ,6.037256082855763e-06,6.037256082855763e-06,1.0,44.14471592322054
2025p806773,2025-10-26T12:08:40.296Z,4.4762516096843825,112.87093749788103,SNVZ,1-10Hz,1.0,10.0,0,OTVZ,3.5855342576696785e-06,6.037256082855763e-06,0.5939013035825437,23.867355053996924
2025p806773,2025-10-26T12:08:40.296Z,4.4762516096843825,112.87093749788103,ETVZ,1-10Hz,1.0,10.0,0,OTVZ,5.062276792229933e-06,6.037256082855763e-06,0.8385062224883061,83.62276607514299
2025p806773,2025-10-26T12:08:40.296Z,4.4762516096843825,112.87093749788103,NGZ,1-10Hz,1.0,10.0,0,OTVZ,3.6814068783588855e-06,6.037256082855763e-06,0.6097814682423566,72.25313061471424
2025p806773,2025-10-26T12:08:40.296Z,4.4762516096843825,112.87093749788103,WTVZ,1-10Hz,1.0,10.0,0,OTVZ,2.2329579483226293e-06,6.037256082855763e-06,0.3698630499812074,85.83464494044573
2025p806773,2025-10-26T12:08:40.296Z,4.4762516096843825,112.87093749788103,NOVZ,1-10Hz,1.0,10.0,0,OTVZ,3.6095336853553833e-06,6.037256082855763e-06,0.5978765246691324,118.38267262985758
2025p806773,2025-10-26T12:08:40.296Z,4.4762516096843825,112.87093749788103,KRVZ,1-10Hz,1.0,10.0,0,OTVZ,2.701611166056684e-06,6.037256082855763e-06,0.44748990749763906,67.74588238694813
2025p806773,2025-10-26T12:08:40.296Z,4.4762516096843825,112.87093749788103,TMVZ,1-10Hz,1.0,10.0,0,OTVZ,3.560433774651244e-06,6.037256082855763e-06,0.5897437057145795,53.65772563934183
2025p806773,2025-10-26T12:08:40.296Z,4.4762516096843825,112.87093749788103,NTVZ,1-10Hz,1.0,10.0,0,OTVZ,2.9387569223129164e-06,6.037256082855763e-06,0.48677029464730204,39.80607642674618
2025p806773,2025-10-26T12:08:40.296Z,4.4762516096843825,112.87093749788103,COVZ,1-10Hz,1.0,10.0,0,OTVZ,4.209190963390967e-06,6.037256082855763e-06,0.6972026539248476,174.1348314792528
2025p806773,2025-10-26T12:08:40.296Z,4.4762516096843825,112.87093749788103,FWVZ,1-10Hz,1.0,10.0,0,OTVZ,1.879249043101054e-06,6.037256082855763e-06,0.3112753571009904,18.59000928794617
2025p806773,2025-10-26T12:08:40.296Z,4.4762516096843825,112.87093749788103,WHVZ,1-10Hz,1.0,10.0,0,OTVZ,3.8401389259419535e-06,6.037256082855763e-06,0.6360735528259186,85.54362888863716
2025p806773,2025-10-26T12:08:40.296Z,4.4762516096843825,112.87093749788103,TWVZ,1-10Hz,1.0,10.0,0,OTVZ,1.2228393226032119e-06,6.037256082855763e-06,0.20254885759703942,28.4336547524566
2025p806773,2025-10-26T12:08:40.296Z,4.4762516096843825,112.87093749788103,MAVZ,1-10Hz,1.0,10.0,0,OTVZ,3.0469419253880782e-06,6.037256082855763e-06,0.5046898596931478,12.180704584485344
2025p806773,2025-10-26T12:08:40.296Z,4.4762516096843825,112.87093749788103,TRVZ,1-10Hz,1.0,10.0,0,OTVZ,2.3305491318413375e-06,6.037256082855763e-06,0.38602787422907087,56.27331488352586
2025p806773,2025-10-26T12:08:40.296Z,4.4762516096843825,112.87093749788103,OTVZ,1-10Hz,1.0,10.0,1,OTVZ,3.6511529378729544e-06,3.6511529378729544e-06,1.0,26.697411377387223
2025p806773,2025-10-26T12:08:40.296Z,4.4762516096843825,112.87093749788103,SNVZ,1-10Hz,1.0,10.0,1,OTVZ,2.578895265889224e-06,3.6511529378729544e-06,0.706323539378114,17.166593465503126
2025p806773,2025-10-26T12:08:40.296Z,4.4762516096843825,112.87093749788103,ETVZ,1-10Hz,1.0,10.0,1,OTVZ,4.129348103016152e-06,3.6511529378729544e-06,1.1309710037569063,68.21189844683447
2025p806773,2025-10-26T12:08:40.296Z,4.4762516096843825,112.87093749788103,NGZ,1-10Hz,1.0,10.0,1,OTVZ,2.7846592902079734e-06,3.6511529378729544e-06,0.7626794433404993,54.65311443720835
2025p806773,2025-10-26T12:08:40.296Z,4.4762516096843825,112.87093749788103,WTVZ,1-10Hz,1.0,10.0,1,OTVZ,2.052352910540123e-06,3.6511529378729544e-06,0.5621109127616436,78.8922082034878
2025p806773,2025-10-26T12:08:40.296Z,4.4762516096843825,112.87093749788103,NOVZ,1-10Hz,1.0,10.0,1,OTVZ,2.4182983184084014e-06,3.6511529378729544e-06,0.66233826946105,79.31346348449169
2025p806773,2025-10-26T12:08:40.296Z,4.4762516096843825,112.87093749788103,KRVZ,1-10Hz,1.0,10.0,1,OTVZ,2.3314635365330576e-06,3.6511529378729544e-06,0.6385554306282482,58.464021958411124
2025p806773,2025-10-26T12:08:40.296Z,4.4762516096843825,112.87093749788103,TMVZ,1-10Hz,1.0,10.0,1,OTVZ,3.500215969889368e-06,3.6511529378729544e-06,0.9586604640912364,52.75020968734727
2025p806773,2025-10-26T12:08:40.296Z,4.4762516096843825,112.87093749788103,NTVZ,1-10Hz,1.0,10.0,1,OTVZ,2.5671012339338492e-06,3.6511529378729544e-06,0.7030933180874535,34.77192248780504
2025p806773,2025-10-26T12:08:40.296Z,4.4762516096843825,112.87093749788103,COVZ,1-10Hz,1.0,10.0,1,OTVZ,2.9623050528591016e-06,3.6511529378729544e-06,0.8113341465736701,122.55098323079936
2025p806773,2025-10-26T12:08:40.296Z,4.4762516096843825,112.87093749788103,FWVZ,1-10Hz,1.0,10.0,1,OTVZ,1.6865874445197448e-06,3.6511529378729544e-06,0.4619328396312801,16.684151775230916
2025p806773,2025-10-26T12:08:40.296Z,4.4762516096843825,112.87093749788103,WHVZ,1-10Hz,1.0,10.0,1,OTVZ,2.74384478899081e-06,3.6511529378729544e-06,0.7515009192108197,61.122382518980444
2025p806773,2025-10-26T12:08:40.296Z,4.4762516096843825,112.87093749788103,TWVZ,1-10Hz,1.0,10.0,1,OTVZ,9.480483646945067e-07,3.6511529378729544e-06,0.25965725917983856,22.04417161934981
2025p806773,2025-10-26T12:08:40.296Z,4.4762516096843825,112.87093749788103,MAVZ,1-10Hz,1.0,10.0,1,OTVZ,2.3483544641809875e-06,3.6511529378729544e-06,0.6431816207482846,9.387974135477725
2025p806773,2025-10-26T12:08:40.296Z,4.4762516096843825,112.87093749788103,TRVZ,1-10Hz,1.0,10.0,1,OTVZ,1.7748259945126855e-06,3.6511529378729544e-06,0.4861001510242523,42.854853685821695
2025p806773,2025-10-26T12:08:40.296Z,4.4762516096843825,112.87093749788103,OTVZ,1-10Hz,1.0,10.0,2,OTVZ,3.357309223554709e-06,3.357309223554709e-06,1.0,24.54881156376676
2025p806773,2025-10-26T12:08:40.296Z,4.4762516096843825,112.87093749788103,SNVZ,1-10Hz,1.0,10.0,2,OTVZ,2.2397497789489842e-06,3.357309223554709e-06,0.6671264485365289,14.90904823791292
2025p806773,2025-10-26T12:08:40.296Z,4.4762516096843825,112.87093749788103,ETVZ,1-10Hz,1.0,10.0,2,OTVZ,3.190691986938976e-06,3.357309223554709e-06,0.9503717931470969,52.70642056774999
2025p806773,2025-10-26T12:08:40.296Z,4.4762516096843825,112.87093749788103,NGZ,1-10Hz,1.0,10.0,2,OTVZ,2.607061261964915e-06,3.357309223554709e-06,0.7765329579038794,51.16748680745781
2025p806773,2025-10-26T12:08:40.296Z,4.4762516096843825,112.87093749788103,WTVZ,1-10Hz,1.0,10.0,2,OTVZ,2.18134792694634e-06,3.357309223554709e-06,0.6497310142426308,83.85076169556406
2025p806773,2025-10-26T12:08:40.296Z,4.4762516096843825,112.87093749788103,NOVZ,1-10Hz,1.0,10.0,2,OTVZ,1.5246078992030272e-06,3.357309223554709e-06,0.4541160190150066,50.00290163588726
2025p806773,2025-10-26T12:08:40.296Z,4.4762516096843825,112.87093749788103,KRVZ,1-10Hz,1.0,10.0,2,OTVZ,1.9421774253828872e-06,3.357309223554709e-06,0.5784922674851248,48.70224297548456
2025p806773,2025-10-26T12:08:40.296Z,4.4762516096843825,112.87093749788103,TMVZ,1-10Hz,1.0,10.0,2,OTVZ,2.9972473076621875e-06,3.357309223554709e-06,0.8927528291506944,45.170191017960164
2025p806773,2025-10-26T12:08:40.296Z,4.4762516096843825,112.87093749788103,NTVZ,1-10Hz,1.0,10.0,2,OTVZ,2.0508957449049585e-06,3.357309223554709e-06,0.610874843018921,27.779811302230105
2025p806773,2025-10-26T12:08:40.296Z,4.4762516096843825,112.87093749788103,COVZ,1-10Hz,1.0,10.0,2,OTVZ,2.900214472552475e-06,3.357309223554709e-06,0.8638508637228645,119.98228705327239
2025p806773,2025-10-26T12:08:40.296Z,4.4762516096843825,112.87093749788103,FWVZ,1-10Hz,1.0,10.0,2,OTVZ,1.5223014378962363e-06,3.357309223554709e-06,0.45342902203224167,15.058992831969782
2025p806773,2025-10-26T12:08:40.296Z,4.4762516096843825,112.87093749788103,WHVZ,1-10Hz,1.0,10.0,2,OTVZ,1.9041798817000288e-06,3.357309223554709e-06,0.5671744110850442,42.41785525959862
2025p806773,2025-10-26T12:08:40.296Z,4.4762516096843825,112.87093749788103,TWVZ,1-10Hz,1.0,10.0,2,OTVZ,6.750870320453637e-07,3.357309223554709e-06,0.20107978952578684,15.697231224275042
2025p806773,2025-10-26T12:08:40.296Z,4.4762516096843825,112.87093749788103,MAVZ,1-10Hz,1.0,10.0,2,OTVZ,1.9348637834664694e-06,3.357309223554709e-06,0.5763138438043075,7.73496992550093
2025p806773,2025-10-26T12:08:40.296Z,4.4762516096843825,112.87093749788103,TRVZ,1-10Hz,1.0,10.0,2,OTVZ,1.8448391163048062e-06,3.357309223554709e-06,0.5494993143203819,44.54538678583569
2026p241703,2026-03-31T10:19:26.326Z,3.7197187944768575,84.86548607172769,OTVZ,1-10Hz,1.0,10.0,0,OTVZ,3.2990829164612024e-07,3.2990829164612024e-07,1.0,2.7749302494877512
2026p241703,2026-03-31T10:19:26.326Z,3.7197187944768575,84.86548607172769,SNVZ,1-10Hz,1.0,10.0,0,OTVZ,2.107158873966508e-07,3.2990829164612024e-07,0.6387104923773105,2.0887943595054876
2026p241703,2026-03-31T10:19:26.326Z,3.7197187944768575,84.86548607172769,ETVZ,1-10Hz,1.0,10.0,0,OTVZ,3.839630331015225e-07,3.2990829164612024e-07,1.1638477808050507,3.550497007676819
2026p241703,2026-03-31T10:19:26.326Z,3.7197187944768575,84.86548607172769,NOVZ,1-10Hz,1.0,10.0,0,OTVZ,2.3743250364440433e-07,3.2990829164612024e-07,0.7196924407680209,2.7975983425515323
2026p241703,2026-03-31T10:19:26.326Z,3.7197187944768575,84.86548607172769,COVZ,1-10Hz,1.0,10.0,0,OTVZ,2.008974620964199e-07,3.2990829164612024e-07,0.6089494177124677,2.146064501592117
2026p241703,2026-03-31T10:19:26.326Z,3.7197187944768575,84.86548607172769,TUVZ,1-10Hz,1.0,10.0,0,OTVZ,5.048756535974326e-07,3.2990829164612024e-07,1.530351513986781,3.563911503105722
2026p241703,2026-03-31T10:19:26.326Z,3.7197187944768575,84.86548607172769,OTVZ,1-10Hz,1.0,10.0,1,OTVZ,2.6121431100804905e-07,2.6121431100804905e-07,1.0,2.197130267925659
2026p241703,2026-03-31T10:19:26.326Z,3.7197187944768575,84.86548607172769,ETVZ,1-10Hz,1.0,10.0,1,OTVZ,2.78932906224558e-07,2.6121431100804905e-07,1.0678316404186712,2.579285929932313
2026p241703,2026-03-31T10:19:26.326Z,3.7197187944768575,84.86548607172769,COVZ,1-10Hz,1.0,10.0,1,OTVZ,1.8733873102122907e-07,2.6121431100804905e-07,0.7171840252483579,2.0012248846877703
2026p241703,2026-03-31T10:19:26.326Z,3.7197187944768575,84.86548607172769,TUVZ,1-10Hz,1.0,10.0,1,OTVZ,3.5544647834126037e-07,2.6121431100804905e-07,1.3607465723051737,2.5090926525621606
2026p051624,2026-01-20T02:26:01.873Z,3.716577923824578,254.17292990684052,OTVZ,1-10Hz,1.0,10.0,0,OTVZ,4.051533554905657e-06,4.051533554905657e-06,1.0,189.66385836320157
2026p051624,2026-01-20T02:26:01.873Z,3.716577923824578,254.17292990684052,SNVZ,1-10Hz,1.0,10.0,0,OTVZ,3.412734139166393e-06,4.051533554905657e-06,0.8423314512684225,159.02541985782543
2026p051624,2026-01-20T02:26:01.873Z,3.716577923824578,254.17292990684052,ETVZ,1-10Hz,1.0,10.0,0,OTVZ,3.74260559304326e-06,4.051533554905657e-06,0.9237503632449636,142.0320939401241
2026p051624,2026-01-20T02:26:01.873Z,3.716577923824578,254.17292990684052,NGZ,1-10Hz,1.0,10.0,0,OTVZ,7.275534699172073e-06,4.051533554905657e-06,1.795748350735673,90.60224991974206
2026p051624,2026-01-20T02:26:01.873Z,3.716577923824578,254.17292990684052,WTVZ,1-10Hz,1.0,10.0,0,OTVZ,4.87649562677256e-06,4.051533554905657e-06,1.2036172379389591,122.1295245450146
2026p051624,2026-01-20T02:26:01.873Z,3.716577923824578,254.17292990684052,NOVZ,1-10Hz,1.0,10.0,0,OTVZ,6.628343652808165e-06,4.051533554905657e-06,1.6360085787226093,148.69170341052202
2026p051624,2026-01-20T02:26:01.873Z,3.716577923824578,254.17292990684052,KRVZ,1-10Hz,1.0,10.0,0,OTVZ,3.4034166386575346e-06,4.051533554905657e-06,0.8400317046705998,62.12940437744673
2026p051624,2026-01-20T02:26:01.873Z,3.716577923824578,254.17292990684052,TMVZ,1-10Hz,1.0,10.0,0,OTVZ,2.3397757461653467e-06,4.051533554905657e-06,0.5775037314777539,64.77170540619863
2026p051624,2026-01-20T02:26:01.873Z,3.716577923824578,254.17292990684052,NTVZ,1-10Hz,1.0,10.0,0,OTVZ,4.4426475615931345e-06,4.051533554905657e-06,1.0965348062374827,85.16729782465615
2026p051624,2026-01-20T02:26:01.873Z,3.716577923824578,254.17292990684052,COVZ,1-10Hz,1.0,10.0,0,OTVZ,6.913133247699668e-06,4.051533554905657e-06,1.706300380834596,225.55793556800384
2026p051624,2026-01-20T02:26:01.873Z,3.716577923824578,254.17292990684052,FWVZ,1-10Hz,1.0,10.0,0,OTVZ,4.120653626708294e-06,4.051533554905657e-06,1.0170602244473441,177.51252551169642
2026p051624,2026-01-20T02:26:01.873Z,3.716577923824578,254.17292990684052,WHVZ,1-10Hz,1.0,10.0,0,OTVZ,4.642992128278566e-06,4.051533554905657e-06,1.1459838763168484,123.73571751052556
2026p051624,2026-01-20T02:26:01.873Z,3.716577923824578,254.17292990684052,TWVZ,1-10Hz,1.0,10.0,0,OTVZ,3.017148585311209e-06,4.051533554905657e-06,0.7446929772204405,137.2610362528994
2026p051624,2026-01-20T02:26:01.873Z,3.716577923824578,254.17292990684052,MAVZ,1-10Hz,1.0,10.0,0,OTVZ,7.942863449316591e-06,4.051533554905657e-06,1.9604585132213093,159.60948767453274
2026p051624,2026-01-20T02:26:01.873Z,3.716577923824578,254.17292990684052,TRVZ,1-10Hz,1.0,10.0,0,OTVZ,5.297185812597748e-06,4.051533554905657e-06,1.3074520402734506,298.75225880649765
2026p051624,2026-01-20T02:26:01.873Z,3.716577923824578,254.17292990684052,TUVZ,1-10Hz,1.0,10.0,0,OTVZ,1.058722512362804e-05,4.051533554905657e-06,2.6131401801692764,295.77864644248933
2026p051624,2026-01-20T02:26:01.873Z,3.716577923824578,254.17292990684052,OTVZ,1-10Hz,1.0,10.0,1,OTVZ,3.443239423763791e-06,3.443239423763791e-06,1.0,161.1878725744712
2026p051624,2026-01-20T02:26:01.873Z,3.716577923824578,254.17292990684052,SNVZ,1-10Hz,1.0,10.0,1,OTVZ,2.128781920405045e-06,3.443239423763791e-06,0.6182497521703217,99.19625287918001
2026p051624,2026-01-20T02:26:01.873Z,3.716577923824578,254.17292990684052,ETVZ,1-10Hz,1.0,10.0,1,OTVZ,2.5732245114117265e-06,3.443239423763791e-06,0.7473266290030292,97.65401575127603
2026p051624,2026-01-20T02:26:01.873Z,3.716577923824578,254.17292990684052,NGZ,1-10Hz,1.0,10.0,1,OTVZ,5.66390631732752e-06,3.443239423763791e-06,1.6449353705227756,70.53263806753746
2026p051624,2026-01-20T02:26:01.873Z,3.716577923824578,254.17292990684052,WTVZ,1-10Hz,1.0,10.0,1,OTVZ,4.4621042625071775e-06,3.443239423763791e-06,1.2959029894092202,111.75128899089266
2026p051624,2026-01-20T02:26:01.873Z,3.716577923824578,254.17292990684052,NOVZ,1-10Hz,1.0,10.0,1,OTVZ,5.202656873613772e-06,3.443239423763791e-06,1.5109773772068307,116.70968696234581
2026p051624,2026-01-20T02:26:01.873Z,3.716577923824578,254.17292990684052,KRVZ,1-10Hz,1.0,10.0,1,OTVZ,2.669584843119358e-06,3.443239423763791e-06,0.7753119997102164,48.73329769683681
2026p051624,2026-01-20T02:26:01.873Z,3.716577923824578,254.17292990684052,TMVZ,1-10Hz,1.0,10.0,1,OTVZ,2.0266716305477608e-06,3.443239423763791e-06,0.5885944545594259,56.10408519879716
2026p051624,2026-01-20T02:26:01.873Z,3.716577923824578,254.17292990684052,NTVZ,1-10Hz,1.0,10.0,1,OTVZ,3.2476639052049033e-06,3.443239423763791e-06,0.9432001396100695,62.25899201191303
2026p051624,2026-01-20T02:26:01.873Z,3.716577923824578,254.17292990684052,COVZ,1-10Hz,1.0,10.0,1,OTVZ,4.83428623461458e-06,3.443239423763791e-06,1.403993634961998,157.7304507167305
2026p051624,2026-01-20T02:26:01.873Z,3.716577923824578,254.17292990684052,FWVZ,1-10Hz,1.0,10.0,1,OTVZ,3.33212139352349e-06,3.443239423763791e-06,0.9677286367385866,143.54355824573665
2026p051624,2026-01-20T02:26:01.873Z,3.716577923824578,254.17292990684052,WHVZ,1-10Hz,1.0,10.0,1,OTVZ,3.418233106600171e-06,3.443239423763791e-06,0.9927375607426434,91.09589557288794
2026p051624,2026-01-20T02:26:01.873Z,3.716577923824578,254.17292990684052,TWVZ,1-10Hz,1.0,10.0,1,OTVZ,2.422677350011076e-06,3.443239423763791e-06,0.7036040924981213,110.21638284169828
2026p051624,2026-01-20T02:26:01.873Z,3.716577923824578,254.17292990684052,MAVZ,1-10Hz,1.0,10.0,1,OTVZ,5.800464200246113e-06,3.443239423763791e-06,1.6845950822396338,116.55860952203675
2026p051624,2026-01-20T02:26:01.873Z,3.716577923824578,254.17292990684052,TRVZ,1-10Hz,1.0,10.0,1,OTVZ,3.908840946169668e-06,3.443239423763791e-06,1.1352219422188567,220.45197266939692
2026p051624,2026-01-20T02:26:01.873Z,3.716577923824578,254.17292990684052,TUVZ,1-10Hz,1.0,10.0,1,OTVZ,7.603862386852257e-06,3.443239423763791e-06,2.2083455290310616,212.43150100764146
2026p051624,2026-01-20T02:26:01.873Z,3.716577923824578,254.17292990684052,OTVZ,1-10Hz,1.0,10.0,2,OTVZ,2.3448371535195264e-06,2.3448371535195264e-06,1.0,109.76852486669237
2026p051624,2026-01-20T02:26:01.873Z,3.716577923824578,254.17292990684052,SNVZ,1-10Hz,1.0,10.0,2,OTVZ,1.684057880603129e-06,2.3448371535195264e-06,0.7181982245869021,78.47315396012887
2026p051624,2026-01-20T02:26:01.873Z,3.716577923824578,254.17292990684052,ETVZ,1-10Hz,1.0,10.0,2,OTVZ,1.948798891706689e-06,2.3448371535195264e-06,0.8311020186547299,73.95702816556306
2026p051624,2026-01-20T02:26:01.873Z,3.716577923824578,254.17292990684052,NGZ,1-10Hz,1.0,10.0,2,OTVZ,4.427976446270483e-06,2.3448371535195264e-06,1.8883940147503337,55.141600612444726
2026p051624,2026-01-20T02:26:01.873Z,3.716577923824578,254.17292990684052,WTVZ,1-10Hz,1.0,10.0,2,OTVZ,3.2640723430217623e-06,2.3448371535195264e-06,1.3920251724613342,81.74714668976617
2026p051624,2026-01-20T02:26:01.873Z,3.716577923824578,254.17292990684052,NOVZ,1-10Hz,1.0,10.0,2,OTVZ,3.7388966920277617e-06,2.3448371535195264e-06,1.5945229656634348,83.87358096287645
2026p051624,2026-01-20T02:26:01.873Z,3.716577923824578,254.17292990684052,KRVZ,1-10Hz,1.0,10.0,2,OTVZ,2.0634624186080105e-06,2.3448371535195264e-06,0.88000244089907,37.668526846577926
2026p051624,2026-01-20T02:26:01.873Z,3.716577923824578,254.17292990684052,TMVZ,1-10Hz,1.0,10.0,2,OTVZ,1.5980339953664287e-06,2.3448371535195264e-06,0.6815117173351806,44.23816570737728
2026p051624,2026-01-20T02:26:01.873Z,3.716577923824578,254.17292990684052,NTVZ,1-10Hz,1.0,10.0,2,OTVZ,2.455641258880527e-06,2.3448371535195264e-06,1.0472544991854498,47.075606954199536
2026p051624,2026-01-20T02:26:01.873Z,3.716577923824578,254.17292990684052,COVZ,1-10Hz,1.0,10.0,2,OTVZ,3.9101845566397205e-06,2.3448371535195264e-06,1.6675719039894337,127.57936592340683
2026p051624,2026-01-20T02:26:01.873Z,3.716577923824578,254.17292990684052,FWVZ,1-10Hz,1.0,10.0,2,OTVZ,2.6519001963859754e-06,2.3448371535195264e-06,1.1309528222058223,114.24049287090511
2026p051624,2026-01-20T02:26:01.873Z,3.716577923824578,254.17292990684052,WHVZ,1-10Hz,1.0,10.0,2,OTVZ,2.9947767905593916e-06,2.3448371535195264e-06,1.2771790083862866,79.81078682145521
2026p051624,2026-01-20T02:26:01.873Z,3.716577923824578,254.17292990684052,TWVZ,1-10Hz,1.0,10.0,2,OTVZ,1.8760816341690458e-06,2.3448371535195264e-06,0.8000903735908085,85.3497605171853
2026p051624,2026-01-20T02:26:01.873Z,3.716577923824578,254.17292990684052,MAVZ,1-10Hz,1.0,10.0,2,OTVZ,4.1161521214603835e-06,2.3448371535195264e-06,1.7554106541182057,82.71285733273679
2026p051624,2026-01-20T02:26:01.873Z,3.716577923824578,254.17292990684052,TRVZ,1-10Hz,1.0,10.0,2,OTVZ,2.782110732414457e-06,2.3448371535195264e-06,1.18648355952506,156.90630741741256
2026p051624,2026-01-20T02:26:01.873Z,3.716577923824578,254.17292990684052,TUVZ,1-10Hz,1.0,10.0,2,OTVZ,5.976775975866778e-06,2.3448371535195264e-06,2.5489087661784215,166.97507492181026
2026p110454,2026-02-10T20:50:09.670Z,3.567456039539588,257.4471545122169,OTVZ,1-10Hz,1.0,10.0,0,OTVZ,1.714280518338247e-06,1.714280518338247e-06,1.0,7.529179098548289
2026p110454,2026-02-10T20:50:09.670Z,3.567456039539588,257.4471545122169,SNVZ,1-10Hz,1.0,10.0,0,OTVZ,1.3598753708235425e-06,1.714280518338247e-06,0.7932630373363572,9.37291337135312
2026p110454,2026-02-10T20:50:09.670Z,3.567456039539588,257.4471545122169,ETVZ,1-10Hz,1.0,10.0,0,OTVZ,1.2662106206859686e-06,1.714280518338247e-06,0.7386251008168611,4.626464227105949
2026p110454,2026-02-10T20:50:09.670Z,3.567456039539588,257.4471545122169,NGZ,1-10Hz,1.0,10.0,0,OTVZ,3.133299747833937e-06,1.714280518338247e-06,1.827763726132307,18.195967788823936
2026p110454,2026-02-10T20:50:09.670Z,3.567456039539588,257.4471545122169,WTVZ,1-10Hz,1.0,10.0,0,OTVZ,2.447459204190955e-06,1.714280518338247e-06,1.4276888630592508,17.165215265548458
2026p110454,2026-02-10T20:50:09.670Z,3.567456039539588,257.4471545122169,NOVZ,1-10Hz,1.0,10.0,0,OTVZ,2.9994045417865013e-06,1.714280518338247e-06,1.7496579525350966,15.961413869421351
2026p110454,2026-02-10T20:50:09.670Z,3.567456039539588,257.4471545122169,KRVZ,1-10Hz,1.0,10.0,0,OTVZ,1.7858149920332853e-06,1.714280518338247e-06,1.0417285694667877,16.982781924494944
2026p110454,2026-02-10T20:50:09.670Z,3.567456039539588,257.4471545122169,TMVZ,1-10Hz,1.0,10.0,0,OTVZ,1.25251797732373e-06,1.714280518338247e-06,0.7306377013126588,7.243493411419731
2026p110454,2026-02-10T20:50:09.670Z,3.567456039539588,257.4471545122169,NTVZ,1-10Hz,1.0,10.0,0,OTVZ,2.5044060761453798e-06,1.714280518338247e-06,1.4609079723854344,16.928656405979776
2026p110454,2026-02-10T20:50:09.670Z,3.567456039539588,257.4471545122169,COVZ,1-10Hz,1.0,10.0,0,OTVZ,2.6280562092084016e-06,1.714280518338247e-06,1.5330374352943887,17.394186143087467
2026p110454,2026-02-10T20:50:09.670Z,3.567456039539588,257.4471545122169,FWVZ,1-10Hz,1.0,10.0,0,OTVZ,1.928181586701337e-06,1.714280518338247e-06,1.124776001404039,15.715091822264865
2026p110454,2026-02-10T20:50:09.670Z,3.567456039539588,257.4471545122169,WHVZ,1-10Hz,1.0,10.0,0,OTVZ,2.4533901026941223e-06,1.714280518338247e-06,1.4311485643390136,17.22533854673438
2026p110454,2026-02-10T20:50:09.670Z,3.567456039539588,257.4471545122169,TWVZ,1-10Hz,1.0,10.0,0,OTVZ,1.5620120292277987e-06,1.714280518338247e-06,0.9111764454640999,10.082597767970304
2026p110454,2026-02-10T20:50:09.670Z,3.567456039539588,257.4471545122169,MAVZ,1-10Hz,1.0,10.0,0,OTVZ,3.961412776733322e-06,1.714280518338247e-06,2.3108311238194275,27.706661832247477
2026p110454,2026-02-10T20:50:09.670Z,3.567456039539588,257.4471545122169,TRVZ,1-10Hz,1.0,10.0,0,OTVZ,2.457849653481939e-06,1.714280518338247e-06,1.4337499768500415,16.858277834146932
2026p110454,2026-02-10T20:50:09.670Z,3.567456039539588,257.4471545122169,TUVZ,1-10Hz,1.0,10.0,0,OTVZ,4.96464051989068e-06,1.714280518338247e-06,2.896049081105581,13.120117726524105
2026p110454,2026-02-10T20:50:09.670Z,3.567456039539588,257.4471545122169,OTVZ,1-10Hz,1.0,10.0,1,OTVZ,1.2831828704074387e-06,1.2831828704074387e-06,1.0,5.63578337625406
2026p110454,2026-02-10T20:50:09.670Z,3.567456039539588,257.4471545122169,SNVZ,1-10Hz,1.0,10.0,1,OTVZ,8.749534569838986e-07,1.2831828704074387e-06,0.6818618586344452,6.030598930039864
2026p110454,2026-02-10T20:50:09.670Z,3.567456039539588,257.4471545122169,ETVZ,1-10Hz,1.0,10.0,1,OTVZ,9.304574467153367e-07,1.2831828704074387e-06,0.7251167921372704,3.399693559465456
2026p110454,2026-02-10T20:50:09.670Z,3.567456039539588,257.4471545122169,NGZ,1-10Hz,1.0,10.0,1,OTVZ,2.1431757402107458e-06,1.2831828704074387e-06,1.6702028912919018,12.446034491791766
2026p110454,2026-02-10T20:50:09.670Z,3.567456039539588,257.4471545122169,WTVZ,1-10Hz,1.0,10.0,1,OTVZ,1.5483493782500986e-06,1.2831828704074387e-06,1.206647481008271,10.859323145583026
2026p110454,2026-02-10T20:50:09.670Z,3.567456039539588,257.4471545122169,NOVZ,1-10Hz,1.0,10.0,1,OTVZ,2.085593158324414e-06,1.2831828704074387e-06,1.6253280856704333,11.098541426966708
2026p110454,2026-02-10T20:50:09.670Z,3.567456039539588,257.4471545122169,KRVZ,1-10Hz,1.0,10.0,1,OTVZ,1.2236150208482394e-06,1.2831828704074387e-06,0.9535780511625087,11.636360513998119
2026p110454,2026-02-10T20:50:09.670Z,3.567456039539588,257.4471545122169,TMVZ,1-10Hz,1.0,10.0,1,OTVZ,9.394717717797305e-07,1.2831828704074387e-06,0.7321417651728999,5.43310172971868
2026p110454,2026-02-10T20:50:09.670Z,3.567456039539588,257.4471545122169,NTVZ,1-10Hz,1.0,10.0,1,OTVZ,1.5439047830374878e-06,1.2831828704074387e-06,1.2031837539627257,10.436100536785787
2026p110454,2026-02-10T20:50:09.670Z,3.567456039539588,257.4471545122169,COVZ,1-10Hz,1.0,10.0,1,OTVZ,1.7965915011772703e-06,1.2831828704074387e-06,1.4001055832414697,11.891011647722438
2026p110454,2026-02-10T20:50:09.670Z,3.567456039539588,257.4471545122169,FWVZ,1-10Hz,1.0,10.0,1,OTVZ,1.210528363351411e-06,1.2831828704074387e-06,0.9433794599884596,9.866064749673424
2026p110454,2026-02-10T20:50:09.670Z,3.567456039539588,257.4471545122169,WHVZ,1-10Hz,1.0,10.0,1,OTVZ,1.7105118630406302e-06,1.2831828704074387e-06,1.33302267548,12.009564193124024
2026p110454,2026-02-10T20:50:09.670Z,3.567456039539588,257.4471545122169,TWVZ,1-10Hz,1.0,10.0,1,OTVZ,9.098004369777103e-07,1.2831828704074387e-06,0.7090185334915113,5.872651223886373
2026p110454,2026-02-10T20:50:09.670Z,3.567456039539588,257.4471545122169,MAVZ,1-10Hz,1.0,10.0,1,OTVZ,2.301391441945139e-06,1.2831828704074387e-06,1.7935023097794291,16.096245965608166
2026p110454,2026-02-10T20:50:09.670Z,3.567456039539588,257.4471545122169,TRVZ,1-10Hz,1.0,10.0,1,OTVZ,1.5654758979205688e-06,1.2831828704074387e-06,1.219994385853589,10.737527249650187
2026p110454,2026-02-10T20:50:09.670Z,3.567456039539588,257.4471545122169,TUVZ,1-10Hz,1.0,10.0,1,OTVZ,3.936215874449529e-06,1.2831828704074387e-06,3.0675408511334745,10.40228702619702
2026p110454,2026-02-10T20:50:09.670Z,3.567456039539588,257.4471545122169,OTVZ,1-10Hz,1.0,10.0,2,OTVZ,9.847203849015894e-07,9.847203849015894e-07,1.0,4.324925857001765
2026p110454,2026-02-10T20:50:09.670Z,3.567456039539588,257.4471545122169,SNVZ,1-10Hz,1.0,10.0,2,OTVZ,6.440105888710118e-07,9.847203849015894e-07,0.654003510788875,4.438829902527418
2026p110454,2026-02-10T20:50:09.670Z,3.567456039539588,257.4471545122169,ETVZ,1-10Hz,1.0,10.0,2,OTVZ,7.403267404214678e-07,9.847203849015894e-07,0.7518141715888762,2.7049964081602234
2026p110454,2026-02-10T20:50:09.670Z,3.567456039539588,257.4471545122169,NGZ,1-10Hz,1.0,10.0,2,OTVZ,1.2659173917317847e-06,9.847203849015894e-07,1.28556025765456,7.351544358048563
2026p110454,2026-02-10T20:50:09.670Z,3.567456039539588,257.4471545122169,WTVZ,1-10Hz,1.0,10.0,2,OTVZ,1.167179667089545e-06,9.847203849015894e-07,1.1852904489290024,8.185995584668412
2026p110454,2026-02-10T20:50:09.670Z,3.567456039539588,257.4471545122169,NOVZ,1-10Hz,1.0,10.0,2,OTVZ,1.4741491900356886e-06,9.847203849015894e-07,1.497023127212921,7.844725511223397
2026p110454,2026-02-10T20:50:09.670Z,3.567456039539588,257.4471545122169,KRVZ,1-10Hz,1.0,10.0,2,OTVZ,9.216235971342722e-07,9.847203849015894e-07,0.935924158030279,8.764475959953304
2026p110454,2026-02-10T20:50:09.670Z,3.567456039539588,257.4471545122169,TMVZ,1-10Hz,1.0,10.0,2,OTVZ,7.00775782278892e-07,9.847203849015894e-07,0.7116495129213009,4.052688147970339
2026p110454,2026-02-10T20:50:09.670Z,3.567456039539588,257.4471545122169,NTVZ,1-10Hz,1.0,10.0,2,OTVZ,1.1985867743770831e-06,9.847203849015894e-07,1.2171848910153993,8.101906423822058
2026p110454,2026-02-10T20:50:09.670Z,3.567456039539588,257.4471545122169,COVZ,1-10Hz,1.0,10.0,2,OTVZ,1.0261363864655662e-06,9.847203849015894e-07,1.0420586414163813,6.791638341614256
2026p110454,2026-02-10T20:50:09.670Z,3.567456039539588,257.4471545122169,FWVZ,1-10Hz,1.0,10.0,2,OTVZ,8.370923075546456e-07,9.847203849015894e-07,0.850081221420335,6.822481122972397
2026p110454,2026-02-10T20:50:09.670Z,3.567456039539588,257.4471545122169,WHVZ,1-10Hz,1.0,10.0,2,OTVZ,1.2101533919551816e-06,9.847203849015894e-07,1.2289309843790035,8.496529698646887
2026p110454,2026-02-10T20:50:09.670Z,3.567456039539588,257.4471545122169,TWVZ,1-10Hz,1.0,10.0,2,OTVZ,7.367368535468317e-07,9.847203849015894e-07,0.7481685815008892,4.755546830727667
2026p110454,2026-02-10T20:50:09.670Z,3.567456039539588,257.4471545122169,MAVZ,1-10Hz,1.0,10.0,2,OTVZ,1.5798876569922275e-06,9.847203849015894e-07,1.6044023067016306,11.049949983077017
2026p110454,2026-02-10T20:50:09.670Z,3.567456039539588,257.4471545122169,TRVZ,1-10Hz,1.0,10.0,2,OTVZ,1.0424076139396695e-06,9.847203849015894e-07,1.058582344716917,7.149825925003128
2026p110454,2026-02-10T20:50:09.670Z,3.567456039539588,257.4471545122169,TUVZ,1-10Hz,1.0,10.0,2,OTVZ,2.9646981812319145e-06,9.847203849015894e-07,3.010700526452694,7.83484504175765
2025p838820,2025-11-07T08:43:19.998Z,3.423305034852815,8.47245060078692,OTVZ,1-10Hz,1.0,10.0,0,OTVZ,3.35976161736569e-07,3.35976161736569e-07,1.0,34.361184919381394
2025p838820,2025-11-07T08:43:19.998Z,3.423305034852815,8.47245060078692,SNVZ,1-10Hz,1.0,10.0,0,OTVZ,2.555245645677743e-07,3.35976161736569e-07,0.7605437339573071,22.12552354201172
2025p838820,2025-11-07T08:43:19.998Z,3.423305034852815,8.47245060078692,ETVZ,1-10Hz,1.0,10.0,0,OTVZ,2.768106579943454e-07,3.35976161736569e-07,0.8238996974177774,14.988462736608804
2025p838820,2025-11-07T08:43:19.998Z,3.423305034852815,8.47245060078692,NGZ,1-10Hz,1.0,10.0,0,OTVZ,3.3585894051375345e-07,3.35976161736569e-07,0.999651102559748,36.070414551580775
2025p838820,2025-11-07T08:43:19.998Z,3.423305034852815,8.47245060078692,WTVZ,1-10Hz,1.0,10.0,0,OTVZ,3.269960631924518e-07,3.35976161736569e-07,0.9732716199336835,26.02771013622819
2025p838820,2025-11-07T08:43:19.998Z,3.423305034852815,8.47245060078692,NOVZ,1-10Hz,1.0,10.0,0,OTVZ,5.041143859457776e-07,3.35976161736569e-07,1.5004468868867005,35.63071491073747
2025p838820,2025-11-07T08:43:19.998Z,3.423305034852815,8.47245060078692,KRVZ,1-10Hz,1.0,10.0,0,OTVZ,2.956232831550609e-07,3.35976161736569e-07,0.8798936258663856,13.945671210542859
2025p838820,2025-11-07T08:43:19.998Z,3.423305034852815,8.47245060078692,TMVZ,1-10Hz,1.0,10.0,0,OTVZ,3.182874989823393e-07,3.35976161736569e-07,0.9473514351053901,16.89987351666679
2025p838820,2025-11-07T08:43:19.998Z,3.423305034852815,8.47245060078692,NTVZ,1-10Hz,1.0,10.0,0,OTVZ,3.187811749387825e-07,3.35976161736569e-07,0.9488208130335488,14.33306527454351
2025p838820,2025-11-07T08:43:19.998Z,3.423305034852815,8.47245060078692,COVZ,1-10Hz,1.0,10.0,0,OTVZ,2.8461437690100117e-07,3.35976161736569e-07,0.8471266991976668,21.128723271853723
2025p838820,2025-11-07T08:43:19.998Z,3.423305034852815,8.47245060078692,FWVZ,1-10Hz,1.0,10.0,0,OTVZ,1.3548470908704405e-07,3.35976161736569e-07,0.40325691080807813,11.535514544549786
2025p838820,2025-11-07T08:43:19.998Z,3.423305034852815,8.47245060078692,WHVZ,1-10Hz,1.0,10.0,0,OTVZ,1.495551496213766e-07,3.35976161736569e-07,0.44513619314050995,5.193506715610584
2025p838820,2025-11-07T08:43:19.998Z,3.423305034852815,8.47245060078692,TWVZ,1-10Hz,1.0,10.0,0,OTVZ,2.541572392384067e-07,3.35976161736569e-07,0.7564740245996543,49.23935575799371
2025p838820,2025-11-07T08:43:19.998Z,3.423305034852815,8.47245060078692,MAVZ,1-10Hz,1.0,10.0,0,OTVZ,2.0722915460671955e-07,3.35976161736569e-07,0.6167971963713397,3.704900380729693
2025p838820,2025-11-07T08:43:19.998Z,3.423305034852815,8.47245060078692,TRVZ,1-10Hz,1.0,10.0,0,OTVZ,1.4490903110930296e-07,3.35976161736569e-07,0.43130747836485706,9.400655557602725
2025p838820,2025-11-07T08:43:19.998Z,3.423305034852815,8.47245060078692,TUVZ,1-10Hz,1.0,10.0,0,OTVZ,4.543594695211597e-07,3.35976161736569e-07,1.3523562718637527,19.6219920801117
2025p838820,2025-11-07T08:43:19.998Z,3.423305034852815,8.47245060078692,OTVZ,1-10Hz,1.0,10.0,1,OTVZ,2.6159132145858213e-07,2.6159132145858213e-07,1.0,26.753647412019138
2025p838820,2025-11-07T08:43:19.998Z,3.423305034852815,8.47245060078692,SNVZ,1-10Hz,1.0,10.0,1,OTVZ,2.0152163197741695e-07,2.6159132145858213e-07,0.7703681867340693,17.449483262335562
2025p838820,2025-11-07T08:43:19.998Z,3.423305034852815,8.47245060078692,ETVZ,1-10Hz,1.0,10.0,1,OTVZ,1.92487169906499e-07,2.6159132145858213e-07,0.7358316355192065,10.422600033983457
2025p838820,2025-11-07T08:43:19.998Z,3.423305034852815,8.47245060078692,NGZ,1-10Hz,1.0,10.0,1,OTVZ,2.630851986529679e-07,2.6159132145858213e-07,1.005710729186489,28.254695746022378
2025p838820,2025-11-07T08:43:19.998Z,3.423305034852815,8.47245060078692,WTVZ,1-10Hz,1.0,10.0,1,OTVZ,2.574421229500163e-07,2.6159132145858213e-07,0.9841386232332529,20.491466739936328
2025p838820,2025-11-07T08:43:19.998Z,3.423305034852815,8.47245060078692,NOVZ,1-10Hz,1.0,10.0,1,OTVZ,3.3923929876139353e-07,2.6159132145858213e-07,1.2968293323718136,23.977373147184533
2025p838820,2025-11-07T08:43:19.998Z,3.423305034852815,8.47245060078692,KRVZ,1-10Hz,1.0,10.0,1,OTVZ,2.0851094498380877e-07,2.6159132145858213e-07,0.797086630478383,9.836251906513635
2025p838820,2025-11-07T08:43:19.998Z,3.423305034852815,8.47245060078692,TMVZ,1-10Hz,1.0,10.0,1,OTVZ,3.1656646890361166e-07,2.6159132145858213e-07,1.210156618111407,16.808493268489055
2025p838820,2025-11-07T08:43:19.998Z,3.423305034852815,8.47245060078692,NTVZ,1-10Hz,1.0,10.0,1,OTVZ,2.752057316978304e-07,2.6159132145858213e-07,1.0520445791677528,12.373822629617338
2025p838820,2025-11-07T08:43:19.998Z,3.423305034852815,8.47245060078692,COVZ,1-10Hz,1.0,10.0,1,OTVZ,2.618260058231334e-07,2.6159132145858213e-07,1.0008971412478163,19.436998519354443
2025p838820,2025-11-07T08:43:19.998Z,3.423305034852815,8.47245060078692,FWVZ,1-10Hz,1.0,10.0,1,OTVZ,1.2857706087960055e-07,2.6159132145858213e-07,0.49151883236293914,10.947379714408887
2025p838820,2025-11-07T08:43:19.998Z,3.423305034852815,8.47245060078692,WHVZ,1-10Hz,1.0,10.0,1,OTVZ,1.237663351678526e-07,2.6159132145858213e-07,0.473128597989244,4.297954931595864
2025p838820,2025-11-07T08:43:19.998Z,3.423305034852815,8.47245060078692,TWVZ,1-10Hz,1.0,10.0,1,OTVZ,1.7486915269041399e-07,2.6159132145858213e-07,0.6684822406010174,33.87841497737302
2025p838820,2025-11-07T08:43:19.998Z,3.423305034852815,8.47245060078692,MAVZ,1-10Hz,1.0,10.0,1,OTVZ,1.6317091700555271e-07,2.6159132145858213e-07,0.6237627307195955,2.9172149724066045
2025p838820,2025-11-07T08:43:19.998Z,3.423305034852815,8.47245060078692,TRVZ,1-10Hz,1.0,10.0,1,OTVZ,1.2646281054879104e-07,2.6159132145858213e-07,0.48343656755758985,8.203997457679721
2025p838820,2025-11-07T08:43:19.998Z,3.423305034852815,8.47245060078692,TUVZ,1-10Hz,1.0,10.0,1,OTVZ,3.5151831348822395e-07,2.6159132145858213e-07,1.3437690192787226,15.180688476789705
2025p838820,2025-11-07T08:43:19.998Z,3.423305034852815,8.47245060078692,OTVZ,1-10Hz,1.0,10.0,2,OTVZ,2.2899284317335496e-07,2.2899284317335496e-07,1.0,23.419713436883747
2025p838820,2025-11-07T08:43:19.998Z,3.423305034852815,8.47245060078692,SNVZ,1-10Hz,1.0,10.0,2,OTVZ,1.539144314048531e-07,2.2899284317335496e-07,0.6721364269377402,13.32724069509247
2025p838820,2025-11-07T08:43:19.998Z,3.423305034852815,8.47245060078692,ETVZ,1-10Hz,1.0,10.0,2,OTVZ,1.4593484328114916e-07,2.2899284317335496e-07,0.6372899749127608,7.901931870473831
2025p838820,2025-11-07T08:43:19.998Z,3.423305034852815,8.47245060078692,NGZ,1-10Hz,1.0,10.0,2,OTVZ,2.1086594958904138e-07,2.2899284317335496e-07,0.9208407855323629,22.64647832466437
2025p838820,2025-11-07T08:43:19.998Z,3.423305034852815,8.47245060078692,WTVZ,1-10Hz,1.0,10.0,2,OTVZ,2.536300402005777e-07,2.2899284317335496e-07,1.1075893756582234,20.188038668512394
2025p838820,2025-11-07T08:43:19.998Z,3.423305034852815,8.47245060078692,NOVZ,1-10Hz,1.0,10.0,2,OTVZ,3.052042297222544e-07,2.2899284317335496e-07,1.3328112158125613,21.571780536242322
2025p838820,2025-11-07T08:43:19.998Z,3.423305034852815,8.47245060078692,KRVZ,1-10Hz,1.0,10.0,2,OTVZ,1.5649963955425621e-07,2.2899284317335496e-07,0.6834258983184943,7.382681412977069
2025p838820,2025-11-07T08:43:19.998Z,3.423305034852815,8.47245060078692,TMVZ,1-10Hz,1.0,10.0,2,OTVZ,2.6489657735794704e-07,2.2899284317335496e-07,1.1567897655098844,14.065015643594732
2025p838820,2025-11-07T08:43:19.998Z,3.423305034852815,8.47245060078692,NTVZ,1-10Hz,1.0,10.0,2,OTVZ,2.1940907871631223e-07,2.2899284317335496e-07,0.9581481922132059,9.865088952232748
2025p838820,2025-11-07T08:43:19.998Z,3.423305034852815,8.47245060078692,COVZ,1-10Hz,1.0,10.0,2,OTVZ,2.219187852172512e-07,2.2899284317335496e-07,0.9691079517679578,16.47443341666536
2025p838820,2025-11-07T08:43:19.998Z,3.423305034852815,8.47245060078692,FWVZ,1-10Hz,1.0,10.0,2,OTVZ,1.0238015089302763e-07,2.2899284317335496e-07,0.44708886738229875,8.716907816814714
2025p838820,2025-11-07T08:43:19.998Z,3.423305034852815,8.47245060078692,WHVZ,1-10Hz,1.0,10.0,2,OTVZ,1.184946873768859e-07,2.2899284317335496e-07,0.5174602216156668,4.11488976617674
2025p838820,2025-11-07T08:43:19.998Z,3.423305034852815,8.47245060078692,TWVZ,1-10Hz,1.0,10.0,2,OTVZ,1.437381808478509e-07,2.2899284317335496e-07,0.6276972627438686,27.847231280849726
2025p838820,2025-11-07T08:43:19.998Z,3.423305034852815,8.47245060078692,MAVZ,1-10Hz,1.0,10.0,2,OTVZ,1.5761295559315562e-07,2.2899284317335496e-07,0.6882876923530642,2.8178481946385348
2025p838820,2025-11-07T08:43:19.998Z,3.423305034852815,8.47245060078692,TRVZ,1-10Hz,1.0,10.0,2,OTVZ,1.1362384417162735e-07,2.2899284317335496e-07,0.49618949918714467,7.371097674254076
2025p838820,2025-11-07T08:43:19.998Z,3.423305034852815,8.47245060078692,TUVZ,1-10Hz,1.0,10.0,2,OTVZ,3.0398374915495186e-07,2.2899284317335496e-07,1.3274814397794361,13.127858267567913
2025p819766,2025-10-31T07:31:23.509Z,3.298920165062114,32.96335828803062,OTVZ,1-10Hz,1.0,10.0,0,OTVZ,9.732903862394814e-08,9.732903862394814e-08,1.0,3.1089718995884765
2025p819766,2025-10-31T07:31:23.509Z,3.298920165062114,32.96335828803062,SNVZ,1-10Hz,1.0,10.0,0,OTVZ,1.0975498430371757e-07,9.732903862394814e-08,1.1276694587293703,6.939388956681762
2025p819766,2025-10-31T07:31:23.509Z,3.298920165062114,32.96335828803062,ETVZ,1-10Hz,1.0,10.0,0,OTVZ,1.5137043944243222e-07,9.732903862394814e-08,1.5552443708735761,5.1320632445983385
2025p819766,2025-10-31T07:31:23.509Z,3.298920165062114,32.96335828803062,NGZ,1-10Hz,1.0,10.0,0,OTVZ,9.346835099494338e-08,9.732903862394814e-08,0.9603336508447251,5.209543988797308
2025p819766,2025-10-31T07:31:23.509Z,3.298920165062114,32.96335828803062,WTVZ,1-10Hz,1.0,10.0,0,OTVZ,7.662921319898877e-08,9.732903862394814e-08,0.7873211765202199,3.7617547965696017
2025p819766,2025-10-31T07:31:23.509Z,3.298920165062114,32.96335828803062,NOVZ,1-10Hz,1.0,10.0,0,OTVZ,1.0418282646779654e-07,9.732903862394814e-08,1.0704187356697266,5.299633415748723
2025p819766,2025-10-31T07:31:23.509Z,3.298920165062114,32.96335828803062,KRVZ,1-10Hz,1.0,10.0,0,OTVZ,8.184415665495204e-08,9.732903862394814e-08,0.8409017268851766,3.383863330317288
2025p819766,2025-10-31T07:31:23.509Z,3.298920165062114,32.96335828803062,TMVZ,1-10Hz,1.0,10.0,0,OTVZ,1.4246660820921958e-07,9.732903862394814e-08,1.4637626162082031,4.1486564462504925
2025p819766,2025-10-31T07:31:23.509Z,3.298920165062114,32.96335828803062,NTVZ,1-10Hz,1.0,10.0,0,OTVZ,7.631579463065253e-08,9.732903862394814e-08,0.7841009806489013,2.925513120669608
2025p819766,2025-10-31T07:31:23.509Z,3.298920165062114,32.96335828803062,COVZ,1-10Hz,1.0,10.0,0,OTVZ,9.773356973815082e-08,9.732903862394814e-08,1.004156324976821,4.085486933983016
2025p819766,2025-10-31T07:31:23.509Z,3.298920165062114,32.96335828803062,WHVZ,1-10Hz,1.0,10.0,0,OTVZ,9.821688636858588e-08,9.732903862394814e-08,1.0091221259060015,3.969818624212916
2025p819766,2025-10-31T07:31:23.509Z,3.298920165062114,32.96335828803062,TWVZ,1-10Hz,1.0,10.0,0,OTVZ,3.2356872598872095e-08,9.732903862394814e-08,0.33244829144865895,4.283701799696289
2025p819766,2025-10-31T07:31:23.509Z,3.298920165062114,32.96335828803062,TRVZ,1-10Hz,1.0,10.0,0,OTVZ,4.6876026110912616e-08,9.732903862394814e-08,0.48162425904593914,2.650658004647929
2025p819766,2025-10-31T07:31:23.509Z,3.298920165062114,32.96335828803062,OTVZ,1-10Hz,1.0,10.0,1,OTVZ,7.285295488828242e-08,7.285295488828242e-08,1.0,2.3271347662723803
2025p819766,2025-10-31T07:31:23.509Z,3.298920165062114,32.96335828803062,SNVZ,1-10Hz,1.0,10.0,1,OTVZ,8.361179231819243e-08,7.285295488828242e-08,1.1476788065275916,5.2864546602789755
2025p819766,2025-10-31T07:31:23.509Z,3.298920165062114,32.96335828803062,ETVZ,1-10Hz,1.0,10.0,1,OTVZ,1.299447046616241e-07,7.285295488828242e-08,1.7836572979214087,4.405645151593358
2025p819766,2025-10-31T07:31:23.509Z,3.298920165062114,32.96335828803062,NGZ,1-10Hz,1.0,10.0,1,OTVZ,7.607780208170932e-08,7.285295488828242e-08,1.0442651529834597,4.2402658471756025
2025p819766,2025-10-31T07:31:23.509Z,3.298920165062114,32.96335828803062,WTVZ,1-10Hz,1.0,10.0,1,OTVZ,6.045837389564019e-08,7.285295488828242e-08,0.8298685206159597,2.967922656391363
2025p819766,2025-10-31T07:31:23.509Z,3.298920165062114,32.96335828803062,NOVZ,1-10Hz,1.0,10.0,1,OTVZ,7.656931115723743e-08,7.285295488828242e-08,1.0510117437879345,3.894972845214452
2025p819766,2025-10-31T07:31:23.509Z,3.298920165062114,32.96335828803062,KRVZ,1-10Hz,1.0,10.0,1,OTVZ,6.64310012787912e-08,7.285295488828242e-08,0.9118504716886354,2.7466032812980443
2025p819766,2025-10-31T07:31:23.509Z,3.298920165062114,32.96335828803062,TMVZ,1-10Hz,1.0,10.0,1,OTVZ,1.235614515114232e-07,7.285295488828242e-08,1.6960389829197808,3.5981344594666935
2025p819766,2025-10-31T07:31:23.509Z,3.298920165062114,32.96335828803062,NTVZ,1-10Hz,1.0,10.0,1,OTVZ,6.79864980162842e-08,7.285295488828242e-08,0.9332016542162117,2.6062153049393872
2025p819766,2025-10-31T07:31:23.509Z,3.298920165062114,32.96335828803062,COVZ,1-10Hz,1.0,10.0,1,OTVZ,8.932624404908396e-08,7.285295488828242e-08,1.226116966512378,3.7340414752276656
2025p819766,2025-10-31T07:31:23.509Z,3.298920165062114,32.96335828803062,WHVZ,1-10Hz,1.0,10.0,1,OTVZ,7.368966180438193e-08,7.285295488828242e-08,1.0114848727465149,2.978455158364215
2025p819766,2025-10-31T07:31:23.509Z,3.298920165062114,32.96335828803062,TWVZ,1-10Hz,1.0,10.0,1,OTVZ,3.9257031725782793e-08,7.285295488828242e-08,0.5388529783861498,5.197208628263167
2025p819766,2025-10-31T07:31:23.509Z,3.298920165062114,32.96335828803062,TRVZ,1-10Hz,1.0,10.0,1,OTVZ,4.335182755859375e-08,7.285295488828242e-08,0.5950592892913175,2.4513782047653625
2025p819766,2025-10-31T07:31:23.509Z,3.298920165062114,32.96335828803062,OTVZ,1-10Hz,1.0,10.0,2,OTVZ,7.020920823272203e-08,7.020920823272203e-08,1.0,2.2426858271071075
2025p819766,2025-10-31T07:31:23.509Z,3.298920165062114,32.96335828803062,SNVZ,1-10Hz,1.0,10.0,2,OTVZ,7.972711306460647e-08,7.020920823272203e-08,1.1355649076732999,5.040841210615604
2025p819766,2025-10-31T07:31:23.509Z,3.298920165062114,32.96335828803062,ETVZ,1-10Hz,1.0,10.0,2,OTVZ,1.3230650072714166e-07,7.020920823272203e-08,1.8844608001928482,4.485719483303872
2025p819766,2025-10-31T07:31:23.509Z,3.298920165062114,32.96335828803062,NGZ,1-10Hz,1.0,10.0,2,OTVZ,6.991977244394462e-08,7.020920823272203e-08,0.9958775238168472,3.8970424358201554
2025p819766,2025-10-31T07:31:23.509Z,3.298920165062114,32.96335828803062,WTVZ,1-10Hz,1.0,10.0,2,OTVZ,5.602596073099526e-08,7.020920823272203e-08,0.7979859357662368,2.7503339485550504
2025p819766,2025-10-31T07:31:23.509Z,3.298920165062114,32.96335828803062,NOVZ,1-10Hz,1.0,10.0,2,OTVZ,6.679252644661952e-08,7.020920823272203e-08,0.9513357026506087,3.397641598715897
2025p819766,2025-10-31T07:31:23.509Z,3.298920165062114,32.96335828803062,KRVZ,1-10Hz,1.0,10.0,2,OTVZ,6.738882929556183e-08,7.020920823272203e-08,0.9598289311594072,2.7862048757816322
2025p819766,2025-10-31T07:31:23.509Z,3.298920165062114,32.96335828803062,TMVZ,1-10Hz,1.0,10.0,2,OTVZ,8.549201035134925e-08,7.020920823272203e-08,1.2176751811239548,2.4895446329864006
2025p819766,2025-10-31T07:31:23.509Z,3.298920165062114,32.96335828803062,NTVZ,1-10Hz,1.0,10.0,2,OTVZ,6.390458781658498e-08,7.020920823272203e-08,0.9102023712439662,2.4497381051092653
2025p819766,2025-10-31T07:31:23.509Z,3.298920165062114,32.96335828803062,COVZ,1-10Hz,1.0,10.0,2,OTVZ,6.153462052747336e-08,7.020920823272203e-08,0.8764465812447981,2.5722879950680912
2025p819766,2025-10-31T07:31:23.509Z,3.298920165062114,32.96335828803062,TWVZ,1-10Hz,1.0,10.0,2,OTVZ,4.2006675391461146e-08,7.020920823272203e-08,0.5983072085391118,5.561231865774707
2025p819766,2025-10-31T07:31:23.509Z,3.298920165062114,32.96335828803062,TRVZ,1-10Hz,1.0,10.0,2,OTVZ,3.58252479313706e-08,7.020920823272203e-08,0.5102642350362487,2.025779232503619
2025p822964,2025-11-01T11:55:33.162Z,3.2922132368530894,331.67547197824,OTVZ,1-10Hz,1.0,10.0,0,OTVZ,5.833014675650704e-07,5.833014675650704e-07,1.0,30.37721021412986
2025p822964,2025-11-01T11:55:33.162Z,3.2922132368530894,331.67547197824,SNVZ,1-10Hz,1.0,10.0,0,OTVZ,4.7197172124839115e-07,5.833014675650704e-07,0.809138580121505,28.07149137780692
2025p822964,2025-11-01T11:55:33.162Z,3.2922132368530894,331.67547197824,ETVZ,1-10Hz,1.0,10.0,0,OTVZ,5.49969799831039e-07,5.833014675650704e-07,0.9428568766110415,29.129941042338697
2025p822964,2025-11-01T11:55:33.162Z,3.2922132368530894,331.67547197824,NGZ,1-10Hz,1.0,10.0,0,OTVZ,8.278771400308985e-07,5.833014675650704e-07,1.419295486237645,65.09260132006605
2025p822964,2025-11-01T11:55:33.162Z,3.2922132368530894,331.67547197824,WTVZ,1-10Hz,1.0,10.0,0,OTVZ,9.565176579105253e-07,5.833014675650704e-07,1.6398341356887134,69.08465016693457
2025p822964,2025-11-01T11:55:33.162Z,3.2922132368530894,331.67547197824,NOVZ,1-10Hz,1.0,10.0,0,OTVZ,1.4051480355886197e-06,5.833014675650704e-07,2.4089567980246303,72.9965253249201
2025p822964,2025-11-01T11:55:33.162Z,3.2922132368530894,331.67547197824,KRVZ,1-10Hz,1.0,10.0,0,OTVZ,7.170960145712505e-07,5.833014675650704e-07,1.2293746106360595,34.37603066555499
2025p822964,2025-11-01T11:55:33.162Z,3.2922132368530894,331.67547197824,TMVZ,1-10Hz,1.0,10.0,0,OTVZ,6.091370327407722e-07,5.833014675650704e-07,1.04429195983948,26.730024252799254
2025p822964,2025-11-01T11:55:33.162Z,3.2922132368530894,331.67547197824,NTVZ,1-10Hz,1.0,10.0,0,OTVZ,1.0289431527178169e-06,5.833014675650704e-07,1.763998909539916,53.72435331015024
2025p822964,2025-11-01T11:55:33.162Z,3.2922132368530894,331.67547197824,COVZ,1-10Hz,1.0,10.0,0,OTVZ,6.509021822236641e-07,5.833014675650704e-07,1.1158932703200382,37.43973659198984
2025p822964,2025-11-01T11:55:33.162Z,3.2922132368530894,331.67547197824,FWVZ,1-10Hz,1.0,10.0,0,OTVZ,3.4605837750884774e-07,5.833014675650704e-07,0.593275341742978,32.57488691198809
2025p822964,2025-11-01T11:55:33.162Z,3.2922132368530894,331.67547197824,WHVZ,1-10Hz,1.0,10.0,0,OTVZ,3.8796621717608744e-07,5.833014675650704e-07,0.6651212773312759,21.73183046191786
2025p822964,2025-11-01T11:55:33.162Z,3.2922132368530894,331.67547197824,TWVZ,1-10Hz,1.0,10.0,0,OTVZ,6.216233122865366e-07,5.833014675650704e-07,1.0656981798476124,97.9253445724037
2025p822964,2025-11-01T11:55:33.162Z,3.2922132368530894,331.67547197824,MAVZ,1-10Hz,1.0,10.0,0,OTVZ,5.595979739160526e-07,5.833014675650704e-07,0.9593632195921511,13.166377742277172
2025p822964,2025-11-01T11:55:33.162Z,3.2922132368530894,331.67547197824,TRVZ,1-10Hz,1.0,10.0,0,OTVZ,3.1333722273112857e-07,5.833014675650704e-07,0.5371788691688387,23.048249596955973
2025p822964,2025-11-01T11:55:33.162Z,3.2922132368530894,331.67547197824,OTVZ,1-10Hz,1.0,10.0,1,OTVZ,4.3868747993957736e-07,4.3868747993957736e-07,1.0,22.845993945566097
2025p822964,2025-11-01T11:55:33.162Z,3.2922132368530894,331.67547197824,SNVZ,1-10Hz,1.0,10.0,1,OTVZ,3.437319723245303e-07,4.3868747993957736e-07,0.7835463468706111,20.444167866376194
2025p822964,2025-11-01T11:55:33.162Z,3.2922132368530894,331.67547197824,ETVZ,1-10Hz,1.0,10.0,1,OTVZ,4.302706983158785e-07,4.3868747993957736e-07,0.9808137181739078,22.78990606036558
2025p822964,2025-11-01T11:55:33.162Z,3.2922132368530894,331.67547197824,NGZ,1-10Hz,1.0,10.0,1,OTVZ,5.356840908269814e-07,4.3868747993957736e-07,1.2211064033574968,42.11865417180301
2025p822964,2025-11-01T11:55:33.162Z,3.2922132368530894,331.67547197824,WTVZ,1-10Hz,1.0,10.0,1,OTVZ,6.639478867893661e-07,4.3868747993957736e-07,1.513487202508754,47.95374879760921
2025p822964,2025-11-01T11:55:33.162Z,3.2922132368530894,331.67547197824,NOVZ,1-10Hz,1.0,10.0,1,OTVZ,9.252300931507511e-07,4.3868747993957736e-07,2.1090870732809326,48.06510076909079
2025p822964,2025-11-01T11:55:33.162Z,3.2922132368530894,331.67547197824,KRVZ,1-10Hz,1.0,10.0,1,OTVZ,4.774234299347665e-07,4.3868747993957736e-07,1.0882996478507307,22.886645769053143
2025p822964,2025-11-01T11:55:33.162Z,3.2922132368530894,331.67547197824,TMVZ,1-10Hz,1.0,10.0,1,OTVZ,4.498624149112846e-07,4.3868747993957736e-07,1.0254735671354158,19.74076868532607
2025p822964,2025-11-01T11:55:33.162Z,3.2922132368530894,331.67547197824,NTVZ,1-10Hz,1.0,10.0,1,OTVZ,7.100080518660288e-07,4.3868747993957736e-07,1.6184825971414132,37.07175010664854
2025p822964,2025-11-01T11:55:33.162Z,3.2922132368530894,331.67547197824,COVZ,1-10Hz,1.0,10.0,1,OTVZ,5.112517554809387e-07,4.3868747993957736e-07,1.1654122327615914,29.407077714822343
2025p822964,2025-11-01T11:55:33.162Z,3.2922132368530894,331.67547197824,FWVZ,1-10Hz,1.0,10.0,1,OTVZ,2.1968081496683507e-07,4.3868747993957736e-07,0.5007683715913042,20.678816550525706
2025p822964,2025-11-01T11:55:33.162Z,3.2922132368530894,331.67547197824,WHVZ,1-10Hz,1.0,10.0,1,OTVZ,2.964730132556522e-07,4.3868747993957736e-07,0.6758182688425184,16.606861565169474
2025p822964,2025-11-01T11:55:33.162Z,3.2922132368530894,331.67547197824,TWVZ,1-10Hz,1.0,10.0,1,OTVZ,3.868552017522956e-07,4.3868747993957736e-07,0.8818469170936429,60.941937315501136
2025p822964,2025-11-01T11:55:33.162Z,3.2922132368530894,331.67547197824,MAVZ,1-10Hz,1.0,10.0,1,OTVZ,4.404715520838994e-07,4.3868747993957736e-07,1.0040668408055953,10.36353795007436
2025p822964,2025-11-01T11:55:33.162Z,3.2922132368530894,331.67547197824,TRVZ,1-10Hz,1.0,10.0,1,OTVZ,2.508778474364301e-07,4.3868747993957736e-07,0.5718828526197847,18.453904696230772
2025p822964,2025-11-01T11:55:33.162Z,3.2922132368530894,331.67547197824,OTVZ,1-10Hz,1.0,10.0,2,OTVZ,2.8766809931527685e-07,2.8766809931527685e-07,1.0,14.981197220842786
2025p822964,2025-11-01T11:55:33.162Z,3.2922132368530894,331.67547197824,SNVZ,1-10Hz,1.0,10.0,2,OTVZ,2.473643568120829e-07,2.8766809931527685e-07,0.8598949880117849,14.712505213363588
2025p822964,2025-11-01T11:55:33.162Z,3.2922132368530894,331.67547197824,ETVZ,1-10Hz,1.0,10.0,2,OTVZ,2.677103381978188e-07,2.8766809931527685e-07,0.9306222651557033,14.17966290244087
2025p822964,2025-11-01T11:55:33.162Z,3.2922132368530894,331.67547197824,NGZ,1-10Hz,1.0,10.0,2,OTVZ,3.5190956477598037e-07,2.8766809931527685e-07,1.2233180029819593,27.66921309099791
2025p822964,2025-11-01T11:55:33.162Z,3.2922132368530894,331.67547197824,WTVZ,1-10Hz,1.0,10.0,2,OTVZ,4.263536111020903e-07,2.8766809931527685e-07,1.482102506732308,30.79346191552735
2025p822964,2025-11-01T11:55:33.162Z,3.2922132368530894,331.67547197824,NOVZ,1-10Hz,1.0,10.0,2,OTVZ,5.631057003418675e-07,2.8766809931527685e-07,1.9574839952090692,29.252974401656633
2025p822964,2025-11-01T11:55:33.162Z,3.2922132368530894,331.67547197824,KRVZ,1-10Hz,1.0,10.0,2,OTVZ,3.5330015897129963e-07,2.8766809931527685e-07,1.2281520259362917,16.93644484442483
2025p822964,2025-11-01T11:55:33.162Z,3.2922132368530894,331.67547197824,TMVZ,1-10Hz,1.0,10.0,2,OTVZ,2.9829582666316964e-07,2.8766809931527685e-07,1.036944407020415,13.089755264655786
2025p822964,2025-11-01T11:55:33.162Z,3.2922132368530894,331.67547197824,NTVZ,1-10Hz,1.0,10.0,2,OTVZ,4.978471996702386e-07,2.8766809931527685e-07,1.7306305456018285,25.99416574074615
2025p822964,2025-11-01T11:55:33.162Z,3.2922132368530894,331.67547197824,COVZ,1-10Hz,1.0,10.0,2,OTVZ,4.403389156889782e-07,2.8766809931527685e-07,1.5307186189122002,25.328188266747524
2025p822964,2025-11-01T11:55:33.162Z,3.2922132368530894,331.67547197824,FWVZ,1-10Hz,1.0,10.0,2,OTVZ,1.5562667952712244e-07,2.8766809931527685e-07,0.5409938741819251,14.649324552053685
2025p822964,2025-11-01T11:55:33.162Z,3.2922132368530894,331.67547197824,WHVZ,1-10Hz,1.0,10.0,2,OTVZ,2.2290521495809244e-07,2.8766809931527685e-07,0.774869425871911,12.485979773718281
2025p822964,2025-11-01T11:55:33.162Z,3.2922132368530894,331.67547197824,TWVZ,1-10Hz,1.0,10.0,2,OTVZ,2.767930710077692e-07,2.8766809931527685e-07,0.9621959183747069,43.60366852071268
2025p822964,2025-11-01T11:55:33.162Z,3.2922132368530894,331.67547197824,MAVZ,1-10Hz,1.0,10.0,2,OTVZ,3.409838589260782e-07,2.8766809931527685e-07,1.1853377546474788,8.022763662317306
2025p822964,2025-11-01T11:55:33.162Z,3.2922132368530894,331.67547197824,TRVZ,1-10Hz,1.0,10.0,2,OTVZ,2.0959153054913877e-07,2.8766809931527685e-07,0.7285880187897784,15.416993446864632
2025p879806,2025-11-22T12:40:38.230Z,3.2327863103782954,300.933028165898,OTVZ,1-10Hz,1.0,10.0,0,OTVZ,1.2707436493869315e-07,1.2707436493869315e-07,1.0,9.831574964184437
2025p879806,2025-11-22T12:40:38.230Z,3.2327863103782954,300.933028165898,SNVZ,1-10Hz,1.0,10.0,0,OTVZ,7.821866554153802e-08,1.2707436493869315e-07,0.6155345775623156,6.433648413622078
2025p879806,2025-11-22T12:40:38.230Z,3.2327863103782954,300.933028165898,ETVZ,1-10Hz,1.0,10.0,0,OTVZ,9.46224537851147e-08,1.2707436493869315e-07,0.7446226768928979,4.470725040664359
2025p879806,2025-11-22T12:40:38.230Z,3.2327863103782954,300.933028165898,NGZ,1-10Hz,1.0,10.0,0,OTVZ,1.6373614160743405e-07,1.2707436493869315e-07,1.2885064716745058,16.966120572391425
2025p879806,2025-11-22T12:40:38.230Z,3.2327863103782954,300.933028165898,WTVZ,1-10Hz,1.0,10.0,0,OTVZ,1.7256125752878444e-07,1.2707436493869315e-07,1.3579549078371265,15.651030245368633
2025p879806,2025-11-22T12:40:38.230Z,3.2327863103782954,300.933028165898,NOVZ,1-10Hz,1.0,10.0,0,OTVZ,2.2772099703275825e-07,1.2707436493869315e-07,1.7920293927309567,15.97630258635083
2025p879806,2025-11-22T12:40:38.230Z,3.2327863103782954,300.933028165898,KRVZ,1-10Hz,1.0,10.0,0,OTVZ,1.2030896823758206e-07,1.2707436493869315e-07,0.9467603343571691,5.54638633745495
2025p879806,2025-11-22T12:40:38.230Z,3.2327863103782954,300.933028165898,NTVZ,1-10Hz,1.0,10.0,0,OTVZ,1.8655337585040345e-07,1.2707436493869315e-07,1.4680645930468026,12.491394620045527
2025p879806,2025-11-22T12:40:38.230Z,3.2327863103782954,300.933028165898,COVZ,1-10Hz,1.0,10.0,0,OTVZ,1.025150354658343e-07,1.2707436493869315e-07,0.8067326208184675,8.71457062971209
2025p879806,2025-11-22T12:40:38.230Z,3.2327863103782954,300.933028165898,FWVZ,1-10Hz,1.0,10.0,0,OTVZ,7.613590481930249e-08,1.2707436493869315e-07,0.5991444840667443,6.929998891543361
2025p879806,2025-11-22T12:40:38.230Z,3.2327863103782954,300.933028165898,TWVZ,1-10Hz,1.0,10.0,0,OTVZ,8.282520452222384e-08,1.2707436493869315e-07,0.6517853113976431,19.09272673601601
2025p879806,2025-11-22T12:40:38.230Z,3.2327863103782954,300.933028165898,MAVZ,1-10Hz,1.0,10.0,0,OTVZ,1.688156673287892e-07,1.2707436493869315e-07,1.3284793310612577,4.426228504915381
2025p879806,2025-11-22T12:40:38.230Z,3.2327863103782954,300.933028165898,TRVZ,1-10Hz,1.0,10.0,0,OTVZ,1.0382813622205716e-07,1.2707436493869315e-07,0.8170659461658447,2.86995826918287
2025p879806,2025-11-22T12:40:38.230Z,3.2327863103782954,300.933028165898,TUVZ,1-10Hz,1.0,10.0,0,OTVZ,2.1785315080102829e-07,1.2707436493869315e-07,1.7143752865192852,4.664957493894857
2025p879806,2025-11-22T12:40:38.230Z,3.2327863103782954,300.933028165898,OTVZ,1-10Hz,1.0,10.0,1,OTVZ,1.0161674166521389e-07,1.0161674166521389e-07,1.0,7.861952438477312
2025p879806,2025-11-22T12:40:38.230Z,3.2327863103782954,300.933028165898,SNVZ,1-10Hz,1.0,10.0,1,OTVZ,5.256419602492688e-08,1.0161674166521389e-07,0.5172788967993549,4.323514777805824
2025p879806,2025-11-22T12:40:38.230Z,3.2327863103782954,300.933028165898,ETVZ,1-10Hz,1.0,10.0,1,OTVZ,6.898175102238345e-08,1.0161674166521389e-07,0.6788423825834768,3.259252210315845
2025p879806,2025-11-22T12:40:38.230Z,3.2327863103782954,300.933028165898,NGZ,1-10Hz,1.0,10.0,1,OTVZ,1.1664666768078968e-07,1.0161674166521389e-07,1.1479079703725723,12.08677210059589
2025p879806,2025-11-22T12:40:38.230Z,3.2327863103782954,300.933028165898,WTVZ,1-10Hz,1.0,10.0,1,OTVZ,1.3138633378211968e-07,1.0161674166521389e-07,1.2929595225064838,11.916530473296087
2025p879806,2025-11-22T12:40:38.230Z,3.2327863103782954,300.933028165898,NOVZ,1-10Hz,1.0,10.0,1,OTVZ,1.8670658171245076e-07,1.0161674166521389e-07,1.837360445265737,13.098839734450374
2025p879806,2025-11-22T12:40:38.230Z,3.2327863103782954,300.933028165898,KRVZ,1-10Hz,1.0,10.0,1,OTVZ,9.138762298998076e-08,1.0161674166521389e-07,0.8993362854623509,4.213077969076765
2025p879806,2025-11-22T12:40:38.230Z,3.2327863103782954,300.933028165898,NTVZ,1-10Hz,1.0,10.0,1,OTVZ,1.3232554260909567e-07,1.0161674166521389e-07,1.3022021808675472,8.860362689803816
2025p879806,2025-11-22T12:40:38.230Z,3.2327863103782954,300.933028165898,COVZ,1-10Hz,1.0,10.0,1,OTVZ,9.894498530352104e-08,1.0161674166521389e-07,0.9737075178960647,8.41108876337198
2025p879806,2025-11-22T12:40:38.230Z,3.2327863103782954,300.933028165898,FWVZ,1-10Hz,1.0,10.0,1,OTVZ,6.13132285701066e-08,1.0161674166521389e-07,0.603377234551654,5.58081771059559
2025p879806,2025-11-22T12:40:38.230Z,3.2327863103782954,300.933028165898,TWVZ,1-10Hz,1.0,10.0,1,OTVZ,8.129351516866124e-08,1.0161674166521389e-07,0.8000011989804843,18.73964428435495
2025p879806,2025-11-22T12:40:38.230Z,3.2327863103782954,300.933028165898,MAVZ,1-10Hz,1.0,10.0,1,OTVZ,1.2215593543949477e-07,1.0161674166521389e-07,1.2021241129926132,3.2028430301663557
2025p879806,2025-11-22T12:40:38.230Z,3.2327863103782954,300.933028165898,TRVZ,1-10Hz,1.0,10.0,1,OTVZ,8.896567590631434e-08,1.0161674166521389e-07,0.875502151007954,2.45913859702442
2025p879806,2025-11-22T12:40:38.230Z,3.2327863103782954,300.933028165898,TUVZ,1-10Hz,1.0,10.0,1,OTVZ,1.597772673872974e-07,1.0161674166521389e-07,1.5723518070841018,3.421360481185646
2025p879806,2025-11-22T12:40:38.230Z,3.2327863103782954,300.933028165898,OTVZ,1-10Hz,1.0,10.0,2,OTVZ,7.819857791704733e-08,7.819857791704733e-08,1.0,6.050120189504644
2025p879806,2025-11-22T12:40:38.230Z,3.2327863103782954,300.933028165898,SNVZ,1-10Hz,1.0,10.0,2,OTVZ,4.377523195214821e-08,7.819857791704733e-08,0.559795754835654,3.6006041480638005
2025p879806,2025-11-22T12:40:38.230Z,3.2327863103782954,300.933028165898,ETVZ,1-10Hz,1.0,10.0,2,OTVZ,6.053974719607012e-08,7.819857791704733e-08,0.7741796437818906,2.86038411516589
2025p879806,2025-11-22T12:40:38.230Z,3.2327863103782954,300.933028165898,NGZ,1-10Hz,1.0,10.0,2,OTVZ,7.410542009763991e-08,7.819857791704733e-08,0.9476568765259463,7.6787047752638244
2025p879806,2025-11-22T12:40:38.230Z,3.2327863103782954,300.933028165898,WTVZ,1-10Hz,1.0,10.0,2,OTVZ,9.855991746913491e-08,7.819857791704733e-08,1.2603799211500597,8.939226981659868
2025p879806,2025-11-22T12:40:38.230Z,3.2327863103782954,300.933028165898,NOVZ,1-10Hz,1.0,10.0,2,OTVZ,1.340199776543885e-07,7.819857791704733e-08,1.713841622497998,9.402487006125652
2025p879806,2025-11-22T12:40:38.230Z,3.2327863103782954,300.933028165898,KRVZ,1-10Hz,1.0,10.0,2,OTVZ,7.885770846198027e-08,7.819857791704733e-08,1.0084289326288278,3.635434026437822
2025p879806,2025-11-22T12:40:38.230Z,3.2327863103782954,300.933028165898,NTVZ,1-10Hz,1.0,10.0,2,OTVZ,9.515899883355278e-08,7.819857791704733e-08,1.2168891221333589,6.371734634443439
2025p879806,2025-11-22T12:40:38.230Z,3.2327863103782954,300.933028165898,COVZ,1-10Hz,1.0,10.0,2,OTVZ,9.467822223709525e-08,7.819857791704733e-08,1.2107409720101234,8.048380913409751
2025p879806,2025-11-22T12:40:38.230Z,3.2327863103782954,300.933028165898,FWVZ,1-10Hz,1.0,10.0,2,OTVZ,4.236247700115695e-08,7.819857791704733e-08,0.5417295062078349,3.855893213035283
2025p879806,2025-11-22T12:40:38.230Z,3.2327863103782954,300.933028165898,TWVZ,1-10Hz,1.0,10.0,2,OTVZ,6.255697960339647e-08,7.819857791704733e-08,0.7999759237278792,14.42052964297476
2025p879806,2025-11-22T12:40:38.230Z,3.2327863103782954,300.933028165898,MAVZ,1-10Hz,1.0,10.0,2,OTVZ,8.857508415846166e-08,7.819857791704733e-08,1.132694308743334,2.322376640338064
2025p879806,2025-11-22T12:40:38.230Z,3.2327863103782954,300.933028165898,TRVZ,1-10Hz,1.0,10.0,2,OTVZ,7.632143274736789e-08,7.819857791704733e-08,0.9759951495323776,2.1096336214755267
2025p879806,2025-11-22T12:40:38.230Z,3.2327863103782954,300.933028165898,TUVZ,1-10Hz,1.0,10.0,2,OTVZ,1.1998406212015484e-07,7.819857791704733e-08,1.5343509474997532,2.5692561602956645
2026p077758,2026-01-29T18:30:19.150Z,2.819357553214637,332.5592606453548,OTVZ,1-10Hz,1.0,10.0,0,OTVZ,1.186865124440866e-07,1.186865124440866e-07,1.0,9.069110400375262
2026p077758,2026-01-29T18:30:19.150Z,2.819357553214637,332.5592606453548,SNVZ,1-10Hz,1.0,10.0,0,OTVZ,1.0018528300554547e-07,1.186865124440866e-07,0.8441168330120317,6.000621995544281
2026p077758,2026-01-29T18:30:19.150Z,2.819357553214637,332.5592606453548,ETVZ,1-10Hz,1.0,10.0,0,OTVZ,1.3089649067707506e-07,1.186865124440866e-07,1.1028758700677181,2.043880612420686
2026p077758,2026-01-29T18:30:19.150Z,2.819357553214637,332.5592606453548,NGZ,1-10Hz,1.0,10.0,0,OTVZ,1.6027820624798076e-07,1.186865124440866e-07,1.35043319537667,8.446259366449931
2026p077758,2026-01-29T18:30:19.150Z,2.819357553214637,332.5592606453548,WTVZ,1-10Hz,1.0,10.0,0,OTVZ,2.11621424332315e-07,1.186865124440866e-07,1.7830284164092376,12.52109715571052
2026p077758,2026-01-29T18:30:19.150Z,2.819357553214637,332.5592606453548,NOVZ,1-10Hz,1.0,10.0,0,OTVZ,2.856038573293063e-07,1.186865124440866e-07,2.4063716377533186,17.21019861338665
2026p077758,2026-01-29T18:30:19.150Z,2.819357553214637,332.5592606453548,KRVZ,1-10Hz,1.0,10.0,0,OTVZ,1.6131948839255616e-07,1.186865124440866e-07,1.359206577651812,7.843029035943685
2026p077758,2026-01-29T18:30:19.150Z,2.819357553214637,332.5592606453548,TMVZ,1-10Hz,1.0,10.0,0,OTVZ,1.4176453484171864e-07,1.186865124440866e-07,1.1944451978779318,2.871366538658519
2026p077758,2026-01-29T18:30:19.150Z,2.819357553214637,332.5592606453548,NTVZ,1-10Hz,1.0,10.0,0,OTVZ,2.260165422416303e-07,1.186865124440866e-07,1.9043153058196653,3.9578373409442515
2026p077758,2026-01-29T18:30:19.150Z,2.819357553214637,332.5592606453548,COVZ,1-10Hz,1.0,10.0,0,OTVZ,1.349221732923818e-07,1.186865124440866e-07,1.1367944892301378,3.240073733010363
2026p077758,2026-01-29T18:30:19.150Z,2.819357553214637,332.5592606453548,FWVZ,1-10Hz,1.0,10.0,0,OTVZ,6.76817690013606e-08,1.186865124440866e-07,0.5702566164225745,6.753910590187294
2026p077758,2026-01-29T18:30:19.150Z,2.819357553214637,332.5592606453548,WHVZ,1-10Hz,1.0,10.0,0,OTVZ,8.63581443913748e-08,1.186865124440866e-07,0.7276154856438153,3.047391649694779
2026p077758,2026-01-29T18:30:19.150Z,2.819357553214637,332.5592606453548,TWVZ,1-10Hz,1.0,10.0,0,OTVZ,1.3263619018590123e-07,1.186865124440866e-07,1.1175338077979697,15.763997809988947
2026p077758,2026-01-29T18:30:19.150Z,2.819357553214637,332.5592606453548,MAVZ,1-10Hz,1.0,10.0,0,OTVZ,1.1970932148330525e-07,1.186865124440866e-07,1.0086177360692141,3.2694790238152627
2026p077758,2026-01-29T18:30:19.150Z,2.819357553214637,332.5592606453548,TRVZ,1-10Hz,1.0,10.0,0,OTVZ,6.726786231709064e-08,1.186865124440866e-07,0.5667692219769338,4.662276299099137
2026p077758,2026-01-29T18:30:19.150Z,2.819357553214637,332.5592606453548,TUVZ,1-10Hz,1.0,10.0,0,OTVZ,2.4014019108541256e-07,1.186865124440866e-07,2.023314917089193,7.220444844307786
2026p077758,2026-01-29T18:30:19.150Z,2.819357553214637,332.5592606453548,OTVZ,1-10Hz,1.0,10.0,1,OTVZ,7.562371895197612e-08,7.562371895197612e-08,1.0,5.778582940378525
2026p077758,2026-01-29T18:30:19.150Z,2.819357553214637,332.5592606453548,SNVZ,1-10Hz,1.0,10.0,1,OTVZ,6.774844828385674e-08,7.562371895197612e-08,0.8958624254763182,4.057809857298128
2026p077758,2026-01-29T18:30:19.150Z,2.819357553214637,332.5592606453548,NGZ,1-10Hz,1.0,10.0,1,OTVZ,1.0223738012483141e-07,7.562371895197612e-08,1.3519221421754721,5.387653441445589
2026p077758,2026-01-29T18:30:19.150Z,2.819357553214637,332.5592606453548,WTVZ,1-10Hz,1.0,10.0,1,OTVZ,1.3629579584152574e-07,7.562371895197612e-08,1.802288987243257,8.064272826019499
2026p077758,2026-01-29T18:30:19.150Z,2.819357553214637,332.5592606453548,NOVZ,1-10Hz,1.0,10.0,1,OTVZ,1.719826440710985e-07,7.562371895197612e-08,2.274189188980694,10.363499604650727
2026p077758,2026-01-29T18:30:19.150Z,2.819357553214637,332.5592606453548,KRVZ,1-10Hz,1.0,10.0,1,OTVZ,1.0443681209464283e-07,7.562371895197612e-08,1.381006032789317,5.07750773227393
2026p077758,2026-01-29T18:30:19.150Z,2.819357553214637,332.5592606453548,TMVZ,1-10Hz,1.0,10.0,1,OTVZ,1.1012851629229406e-07,7.562371895197612e-08,1.4562695119798297,2.230595522264186
2026p077758,2026-01-29T18:30:19.150Z,2.819357553214637,332.5592606453548,NTVZ,1-10Hz,1.0,10.0,1,OTVZ,1.4994985178633722e-07,7.562371895197612e-08,1.9828415458060316,2.6258127692022897
2026p077758,2026-01-29T18:30:19.150Z,2.819357553214637,332.5592606453548,COVZ,1-10Hz,1.0,10.0,1,OTVZ,1.0388217874704018e-07,7.562371895197612e-08,1.3736719138741278,2.4946671882965963
2026p077758,2026-01-29T18:30:19.150Z,2.819357553214637,332.5592606453548,FWVZ,1-10Hz,1.0,10.0,1,OTVZ,4.554705699309857e-08,7.562371895197612e-08,0.6022853361922422,4.545105057336321
2026p077758,2026-01-29T18:30:19.150Z,2.819357553214637,332.5592606453548,WHVZ,1-10Hz,1.0,10.0,1,OTVZ,6.613379594030247e-08,7.562371895197612e-08,0.8745112890084115,2.3337182489440456
2026p077758,2026-01-29T18:30:19.150Z,2.819357553214637,332.5592606453548,TWVZ,1-10Hz,1.0,10.0,1,OTVZ,8.712527541768902e-08,7.562371895197612e-08,1.1520892733801786,10.354961560296127
2026p077758,2026-01-29T18:30:19.150Z,2.819357553214637,332.5592606453548,MAVZ,1-10Hz,1.0,10.0,1,OTVZ,1.0386273772815917e-07,7.562371895197612e-08,1.3734148381953535,2.8366800358617033
2026p077758,2026-01-29T18:30:19.150Z,2.819357553214637,332.5592606453548,TRVZ,1-10Hz,1.0,10.0,1,OTVZ,5.54460958219668e-08,7.562371895197612e-08,0.7331839347543478,3.8429200739244767
2026p077758,2026-01-29T18:30:19.150Z,2.819357553214637,332.5592606453548,TUVZ,1-10Hz,1.0,10.0,1,OTVZ,1.7159906078124078e-07,7.562371895197612e-08,2.2691169273255736,5.159575946474015
2026p077758,2026-01-29T18:30:19.150Z,2.819357553214637,332.5592606453548,OTVZ,1-10Hz,1.0,10.0,2,OTVZ,5.923449302818451e-08,5.923449302818451e-08,1.0,4.526244353468064
2026p077758,2026-01-29T18:30:19.150Z,2.819357553214637,332.5592606453548,SNVZ,1-10Hz,1.0,10.0,2,OTVZ,4.9935568837518695e-08,5.923449302818451e-08,0.8430150455370442,2.990903092122266
2026p077758,2026-01-29T18:30:19.150Z,2.819357553214637,332.5592606453548,NGZ,1-10Hz,1.0,10.0,2,OTVZ,7.929572705154554e-08,5.923449302818451e-08,1.3386748665818013,4.1786858800524636
2026p077758,2026-01-29T18:30:19.150Z,2.819357553214637,332.5592606453548,WTVZ,1-10Hz,1.0,10.0,2,OTVZ,9.192516939782982e-08,5.923449302818451e-08,1.5518858134582274,5.438976609844196
2026p077758,2026-01-29T18:30:19.150Z,2.819357553214637,332.5592606453548,NOVZ,1-10Hz,1.0,10.0,2,OTVZ,1.1955210952253392e-07,5.923449302818451e-08,2.0182853504907947,7.204088798982186
2026p077758,2026-01-29T18:30:19.150Z,2.819357553214637,332.5592606453548,KRVZ,1-10Hz,1.0,10.0,2,OTVZ,7.703883664896982e-08,5.923449302818451e-08,1.3005739175029958,3.7454732763773975
2026p077758,2026-01-29T18:30:19.150Z,2.819357553214637,332.5592606453548,NTVZ,1-10Hz,1.0,10.0,2,OTVZ,1.2431377586237434e-07,5.923449302818451e-08,2.0986720660076266,2.176892448765437
2026p077758,2026-01-29T18:30:19.150Z,2.819357553214637,332.5592606453548,FWVZ,1-10Hz,1.0,10.0,2,OTVZ,3.263660791024684e-08,5.923449302818451e-08,0.5509730267247823,3.256781479638562
2026p077758,2026-01-29T18:30:19.150Z,2.819357553214637,332.5592606453548,TWVZ,1-10Hz,1.0,10.0,2,OTVZ,6.077617143838324e-08,5.923449302818451e-08,1.0260267005149377,7.2233334816942465
2026p077758,2026-01-29T18:30:19.150Z,2.819357553214637,332.5592606453548,MAVZ,1-10Hz,1.0,10.0,2,OTVZ,8.164054826075306e-08,5.923449302818451e-08,1.378260268420082,2.2297516745054384
2026p077758,2026-01-29T18:30:19.150Z,2.819357553214637,332.5592606453548,TRVZ,1-10Hz,1.0,10.0,2,OTVZ,4.431030821834569e-08,5.923449302818451e-08,0.7480490834497779,3.0711084416262713
2026p077758,2026-01-29T18:30:19.150Z,2.819357553214637,332.5592606453548,TUVZ,1-10Hz,1.0,10.0,2,OTVZ,1.280640690073328e-07,5.923449302818451e-08,2.161984723097036,3.8505822062754356
