publicid,eventtype,origintime,modificationtime,longitude,latitude,magnitude,depth,magnitudetype,depthtype,evaluationmethod,evaluationstatus,evaluationmode,earthmodel,usedphasecount,usedstationcount,magnitudestationcount,minimumdistance,azimuthalgap,originerror,magnitudeuncertainty,distance_from_crater_km
2026p243045,earthquake,2026-03-31T22:14:35.709Z,2026-03-31T22:18:50.766Z,176.68490600585938,-39.76180648803711,2.213548284108536,29.21842193603516,MLv,,LOCSAT,confirmed,manual,iasp91,24,18,19,0.1512427181005478,50.65363311767578,0.2077789737373908,0.1220595004159039,112.77039280939753
2026p242956,earthquake,2026-03-31T21:28:43.092Z,2026-03-31T21:32:54.369Z,176.63629150390625,-39.865867614746094,2.3237003440919004,29.143049240112305,MLv,,LOCSAT,confirmed,manual,iasp91,31,19,17,0.1984224617481231,64.60587310791016,0.3191056506450498,0.1582306997741539,116.84061930203156
2026p242635,earthquake,2026-03-31T18:36:26.114Z,2026-03-31T18:42:34.994Z,175.41038513183594,-39.33726119995117,2.0164279712581505,13.49211597442627,MLv,,LOCSAT,confirmed,manual,iasp91,24,17,22,0.0663439780473709,82.62977600097656,0.4320066928866095,0.1724628938543235,27.747156779914288
2026p241983,earthquake,2026-03-31T12:49:04.349Z,2026-03-31T12:54:14.702Z,174.5454559326172,-40.27569961547852,2.1345105488088936,30.79538154602051,MLv,,LOCSAT,confirmed,manual,iasp91,46,33,10,0.5150685906410217,91.5850830078125,0.5319116760208868,0.1249964408130552,155.32425590376985
2026p240405,earthquake,2026-03-30T22:49:21.864Z,2026-04-30T00:43:06.425Z,176.11428833007812,-38.63460159301758,2.1483502163664423,4.238537788391113,MLv,,LOCSAT,confirmed,manual,iasp91,35,26,17,0.0082488292828202,56.9085693359375,0.4591405198349469,0.3320726100970975,71.45029278308311
2026p240397,earthquake,2026-03-30T22:43:43.165Z,2026-04-30T00:42:58.315Z,176.10806274414062,-38.6417121887207,2.024967443145726,4.2909345626831055,MLv,,LOCSAT,confirmed,manual,iasp91,22,17,13,0.0168605707585811,56.05844321846962,0.3700653555267904,0.2902842953934677,70.49296962678194
2026p240380,earthquake,2026-03-30T22:34:40.227Z,2026-03-30T22:48:11.031Z,176.11012268066406,-38.61529922485352,2.068019442776117,4.298382759094238,MLv,,LOCSAT,confirmed,manual,iasp91,19,14,8,0.0146150719374418,123.66433715820312,0.353283901287414,0.2271422682702835,72.99638953314609
2026p237057,earthquake,2026-03-29T17:04:20.214Z,2026-04-29T22:59:16.807Z,176.0171356201172,-38.61563491821289,2.042714006515139,4.396096229553223,MLv,,LOCSAT,confirmed,manual,iasp91,29,22,16,0.020036419853568,65.68706321716309,0.2929217190461585,0.2068625291752038,68.70553703435044
2026p237023,earthquake,2026-03-29T16:46:16.208Z,2026-04-29T22:59:26.467Z,176.0228271484375,-38.60210037231445,2.0936713658042083,4.445863723754883,MLv,,LOCSAT,confirmed,manual,iasp91,25,18,17,0.0297920480370521,69.46744632720947,0.3088021508755084,0.2984265607059824,70.26088443239236
2026p229767,earthquake,2026-03-27T00:20:12.725Z,2026-03-27T00:26:35.757Z,174.90420532226562,-40.21540069580078,2.035292071082165,12.0,MLv,operator assigned,LOCSAT,confirmed,manual,iasp91,29,17,2,0.3148147463798523,136.0936312675476,0.60841211110779,0.0239721528154733,133.12451027645346
2026p228651,earthquake,2026-03-26T14:25:40.210Z,2026-03-26T14:30:08.904Z,174.68540954589844,-39.23649215698242,2.022756150231176,24.239503860473636,MLv,,LOCSAT,confirmed,manual,iasp91,15,12,6,0.1255650073289871,68.44157409667969,0.3110269680921623,0.1886193178744222,82.29716248596922
2026p227805,earthquake,2026-03-26T06:54:38.439Z,2026-03-26T06:59:05.225Z,176.3414764404297,-40.18870544433594,2.0367098958777987,39.06452560424805,MLv,,LOCSAT,confirmed,manual,iasp91,22,13,12,0.1456806063652038,67.42843627929688,0.3594895912013728,0.1568168182675071,129.7320990765524
2026p223306,earthquake,2026-03-24T14:57:33.134Z,2026-03-24T14:59:36.307Z,176.55084228515625,-40.011138916015625,2.237899725581531,34.6634407043457,MLv,,LOCSAT,confirmed,manual,iasp91,31,21,21,0.0719516426324844,71.03816223144531,0.4575180677291404,0.2318732946376814,123.3873171915749
2026p223054,earthquake,2026-03-24T12:43:26.772Z,2026-03-24T12:47:22.493Z,176.78073120117188,-39.70724487304688,2.1085710488693605,28.81045913696289,MLv,,LOCSAT,confirmed,manual,iasp91,36,21,10,0.0791344717144966,74.86454010009766,0.3621486820288184,0.1904201082407574,116.22948339849256
2026p222826,earthquake,2026-03-24T10:42:08.685Z,2026-03-24T10:45:01.836Z,174.71009826660156,-39.26874542236328,2.094780016154433,20.772117614746094,MLv,,LOCSAT,confirmed,manual,iasp91,18,13,7,0.110540896654129,74.77973937988281,0.4016272815599802,0.196466875645927,80.63367507452045
2026p222192,earthquake,2026-03-24T05:04:22.926Z,2026-03-24T05:09:52.702Z,174.40179443359375,-40.13034057617188,2.249588738041685,5.0,MLv,operator assigned,LOCSAT,confirmed,manual,iasp91,41,27,11,0.5849879384040833,96.72613525390624,0.7214961107123923,0.1094514815803844,151.15161721316073
2026p221691,not locatable,2026-03-24T00:37:28.498Z,2026-03-24T00:41:39.342Z,176.16839599609375,-38.88516998291016,2.5645410473333747,5.0,M,,LOCSAT,,automatic,iasp91,11,11,9,0.2740360796451568,219.7034912109375,0.8859458372498866,0.0,55.3327001125368
2026p220587,earthquake,2026-03-23T14:48:59.478Z,2026-03-23T14:50:46.606Z,176.81163024902344,-39.49396896362305,2.106252352670236,30.25261878967285,MLv,,LOCSAT,confirmed,manual,iasp91,25,15,8,0.0500986352562904,75.51681518554688,0.3998544047257044,0.1534590518327458,108.34894222470577
2026p219193,volcano-tectonic,2026-03-23T02:26:51.679Z,2026-04-20T03:13:12.535Z,175.8302001953125,-38.93806838989258,2.680043542357374,3.230884075164795,MLv,,LOCSAT,confirmed,manual,iasp91,44,27,42,0.0448217391967773,58.94707870483398,0.383993080470452,0.1511287417291044,29.69083501759737
2026p218000,earthquake,2026-03-22T15:50:28.819Z,2026-03-22T15:55:48.318Z,174.7035369873047,-40.21794128417969,2.087608167403451,12.0,MLv,operator assigned,LOCSAT,confirmed,manual,iasp91,35,31,12,0.4684892296791077,80.66429138183594,0.6130691540345735,0.1490777300707828,142.25121354539576
2026p215817,earthquake,2026-03-21T20:27:46.049Z,2026-03-21T20:35:27.495Z,175.81167602539062,-38.93584060668945,2.029688895394022,4.571358203887939,MLv,,LOCSAT,confirmed,manual,iasp91,24,18,24,0.0550725013017654,65.25617218017578,0.3142812910452998,0.1467979244699632,29.005293996203473
2026p215807,earthquake,2026-03-21T20:22:23.386Z,2026-03-21T20:29:40.217Z,175.81507873535156,-38.93941116333008,2.4816110432967373,3.97457504272461,MLv,,LOCSAT,confirmed,manual,iasp91,27,19,33,0.0506449751555919,50.01911926269531,0.2774352229443054,0.1422436322572415,28.831290571615337
2026p214211,earthquake,2026-03-21T06:12:02.624Z,2026-03-21T06:22:13.917Z,176.35726928710938,-39.26304626464844,2.483531260397859,35.72584533691406,MLv,,LOCSAT,confirmed,manual,iasp91,27,19,36,0.1431787461042404,44.108001708984375,0.3243706139017935,0.2206222675455645,63.70024916624992
2026p214115,earthquake,2026-03-21T05:20:48.292Z,2026-03-21T05:27:38.739Z,175.00726318359375,-39.886192321777344,2.0530985129251933,27.010541915893555,MLv,,LOCSAT,confirmed,manual,iasp91,33,20,16,0.0568071641027927,64.45896911621094,0.6816223144505631,0.2254848452464542,97.21915598890288
2026p213942,earthquake,2026-03-21T03:48:42.947Z,2026-03-21T03:52:35.339Z,175.82861328125,-40.339988708496094,2.061051502488313,25.405332565307617,MLv,,LOCSAT,confirmed,manual,iasp91,31,20,13,0.0315288864076137,68.07038497924805,0.576872549499941,0.2578433882316548,132.45832058438495
2026p212644,earthquake,2026-03-20T16:16:53.255Z,2026-03-20T16:20:30.162Z,174.78684997558594,-40.295536041259766,2.269370698161598,12.0,MLv,operator assigned,LOCSAT,confirmed,manual,iasp91,33,22,19,0.3741611242294311,96.55210876464844,0.7188650066128878,0.2328457229630002,145.76134649680543
2026p212454,earthquake,2026-03-20T14:35:38.468Z,2026-03-20T14:39:51.202Z,174.78280639648438,-40.29164123535156,2.351008381929024,12.0,MLv,operator assigned,LOCSAT,confirmed,manual,iasp91,29,21,9,0.3786678314208984,108.57989501953124,0.6687262508069662,0.2929896830580385,145.56053066224536
2026p211824,not locatable,2026-03-20T08:59:51.778Z,2026-03-20T09:02:08.501Z,175.7472686767578,-39.50301361083984,2.2497387245388727,10.0,M,,LOCSAT,,automatic,iasp91,11,11,3,0.6678943634033203,210.8543243408203,1.9326075824609563,0.0,39.708129890752254
2026p210905,earthquake,2026-03-20T00:50:42.463Z,2026-03-20T00:55:17.644Z,176.7243194580078,-39.754241943359375,2.6260207073695483,32.31533432006836,MLv,,LOCSAT,confirmed,manual,iasp91,48,30,23,0.1239747926592826,50.15395355224609,0.4085405327283254,0.2402841571504361,115.02992757337675
2026p209457,earthquake,2026-03-19T11:59:08.959Z,2026-03-19T12:03:53.887Z,174.64041137695312,-39.24296569824219,2.137515756924857,22.81877899169922,MLv,,LOCSAT,confirmed,manual,iasp91,42,25,13,0.0588161945343017,67.75613403320312,0.4165977492431674,0.2237022191906991,86.23572614786721
2026p209045,earthquake,2026-03-19T08:19:27.218Z,2026-04-15T23:55:06.203Z,174.82144165039062,-40.28644180297852,3.0604823894419426,22.81144523620605,MLv,,LOCSAT,confirmed,manual,iasp91,57,42,49,0.3550609052181244,67.77351379394531,0.6263423521409799,0.1666653120209408,143.4274714837865
2026p208507,earthquake,2026-03-19T03:32:57.608Z,2026-03-19T03:40:25.703Z,174.78111267089844,-40.27072143554688,2.08100465596018,12.0,MLv,operator assigned,LOCSAT,confirmed,manual,iasp91,30,21,6,0.4139052629470825,97.83122253417967,0.6794779772705798,0.2143735698073606,143.6335639156818
2026p208346,earthquake,2026-03-19T02:07:08.734Z,2026-03-19T02:14:56.960Z,175.65811157226562,-40.36037063598633,2.323524208446812,30.45720100402832,MLv,,LOCSAT,confirmed,manual,iasp91,49,31,16,0.0895926356315612,88.7431640625,0.6283996779264636,0.2524721335008505,133.66926672235584
2026p207967,earthquake,2026-03-18T22:44:59.928Z,2026-04-15T03:58:03.283Z,176.71315002441406,-40.31303024291992,2.8764232521830317,15.439863204956056,MLv,,LOCSAT,confirmed,manual,iasp91,43,24,27,0.0756945684552192,189.69144439697263,0.4840003606394095,0.1927045542228654,158.31991416936935
2026p207461,earthquake,2026-03-18T18:15:36.078Z,2026-03-18T21:21:39.843Z,175.68267822265625,-39.511627197265625,2.1841756100585137,7.28461217880249,MLv,,LOCSAT,confirmed,manual,iasp91,34,24,19,0.1177546307444572,48.62673950195312,0.4521210853042567,0.2259725024552937,39.64882481496079
2026p206607,earthquake,2026-03-18T10:40:14.854Z,2026-03-18T13:00:16.465Z,175.25802612304688,-40.22488784790039,2.1730092299464223,20.05788993835449,MLv,,LOCSAT,confirmed,manual,iasp91,29,22,13,0.0477582216262817,90.86824035644533,0.6610359962160377,0.1988736260935605,122.88032114200006
2026p205989,earthquake,2026-03-18T05:11:17.900Z,2026-04-15T04:03:41.033Z,176.22715759277344,-39.88284683227539,2.8474612688666534,20.49890899658203,MLv,,LOCSAT,confirmed,manual,iasp91,47,29,43,0.0370475649833679,32.943359375,0.6855654515270092,0.2070598784350069,95.47368966385089
2026p203221,earthquake,2026-03-17T04:36:12.513Z,2026-03-17T05:45:21.892Z,176.1598358154297,-38.443477630615234,2.238789466951254,4.239386558532715,MLv,,LOCSAT,confirmed,manual,iasp91,45,31,31,0.0760320276021957,54.33663940429688,0.4338122457840589,0.2822164393481438,91.46453641928078
2026p201919,earthquake,2026-03-16T17:02:33.555Z,2026-03-16T17:05:08.756Z,175.84811401367188,-40.29302215576172,2.457937655880444,23.84470748901367,MLv,,LOCSAT,confirmed,manual,iasp91,30,18,23,0.1160608083009719,147.28851127624512,0.3790208573292596,0.2120102045290147,127.51929673103261
2026p201523,earthquake,2026-03-16T13:31:50.200Z,2026-03-16T13:36:39.805Z,176.46617126464844,-40.33519744873047,2.1604249625867262,15.373967170715332,MLv,,LOCSAT,confirmed,manual,iasp91,40,23,16,0.1245942935347557,114.83670806884766,0.6699609855899578,0.1747106388068983,149.09022863417874
2026p200973,earthquake,2026-03-16T08:38:56.664Z,2026-03-16T08:49:11.593Z,174.95736694335938,-40.1118392944336,2.283428159618456,17.055692672729492,MLv,,LOCSAT,confirmed,manual,iasp91,25,17,37,0.1911094337701797,87.90679931640625,0.4622304120489453,0.1539517898089649,120.85888813915912
2026p200314,earthquake,2026-03-16T02:47:35.822Z,2026-03-16T02:52:52.953Z,176.7375030517578,-40.336875915527344,2.264517449518915,13.068345069885254,MLv,,LOCSAT,confirmed,manual,iasp91,22,15,7,0.1021938174962997,210.03152084350583,0.5849070192419391,0.2224666925507648,161.6789698683279
2026p199724,earthquake,2026-03-15T21:33:01.947Z,2026-03-15T21:52:47.527Z,176.63299560546875,-39.7978401184082,2.089980783422718,27.99419403076172,MLv,,LOCSAT,confirmed,manual,iasp91,33,26,19,0.1505791991949081,53.94087982177734,0.4859333076442444,0.1833467665150113,111.70351135735666
2026p198754,earthquake,2026-03-15T12:56:34.183Z,2026-03-15T12:59:25.966Z,174.96340942382812,-40.11614227294922,2.1824813536694263,15.220206260681152,MLv,,LOCSAT,confirmed,manual,iasp91,22,15,7,0.1935115903615951,143.2843017578125,0.555288986530415,0.2676207685073913,121.03047817263958
2026p198638,earthquake,2026-03-15T11:54:30.510Z,2026-03-15T11:57:39.981Z,176.7257843017578,-40.34598922729492,2.248005170720852,14.628230094909668,MLv,,LOCSAT,confirmed,manual,iasp91,25,16,17,0.1054816767573356,209.0994071960449,0.5831085835525428,0.2467990643963265,161.91340407600617
2026p197619,earthquake,2026-03-15T02:51:54.198Z,2026-03-15T02:54:35.461Z,176.49407958984375,-39.93144607543945,2.3791308027723184,25.341028213500977,MLv,,LOCSAT,confirmed,manual,iasp91,20,10,8,0.1388817131519317,67.011962890625,0.3623909202847754,0.342093399806629,113.5097770027664
2026p195209,earthquake,2026-03-14T05:27:50.273Z,2026-03-14T05:33:15.970Z,174.75038146972656,-39.67207717895508,2.1338477007148664,36.10982131958008,MLv,,LOCSAT,confirmed,manual,iasp91,38,27,6,0.1992526054382324,88.84552001953125,0.449106346455603,0.213372181926948,95.11139995902921
2026p194349,earthquake,2026-03-13T21:49:31.247Z,2026-03-13T21:57:28.063Z,174.96163940429688,-40.08663940429688,2.117169390885956,21.1519775390625,MLv,,LOCSAT,confirmed,manual,iasp91,20,14,4,0.3321015834808349,135.50055241584778,0.5962912186837928,0.373973590540134,118.23718159296921
2026p193794,earthquake,2026-03-13T16:53:44.268Z,2026-04-13T00:08:01.835Z,174.81105041503906,-40.27138519287109,2.6581544268495176,20.77878761291504,MLv,,LOCSAT,confirmed,manual,iasp91,58,48,20,0.3695171475410461,68.11470031738281,0.593005906079558,0.2015942105041076,142.40987916146497
2026p193740,earthquake,2026-03-13T16:24:58.445Z,2026-03-13T16:27:50.860Z,176.5753936767578,-40.26778411865234,2.2941588483690443,16.581932067871094,MLv,,LOCSAT,confirmed,manual,iasp91,25,15,14,0.0442214384675025,60.72709655761719,0.370440846085145,0.1360645910691754,147.5008906242118
2026p192334,earthquake,2026-03-13T03:55:45.572Z,2026-03-13T04:01:33.723Z,176.64834594726562,-39.82877349853516,2.1351275691352822,28.65365982055664,MLv,,LOCSAT,confirmed,manual,iasp91,27,18,12,0.179186463356018,61.90997314453125,0.3349081851984566,0.1970274879363197,114.90950950737115
2026p192233,earthquake,2026-03-13T03:02:15.545Z,2026-03-13T03:06:21.465Z,174.5433349609375,-39.08487701416016,2.243629619877604,24.087581634521484,MLv,,LOCSAT,confirmed,manual,iasp91,24,17,19,0.1626582443714141,154.25186157226562,0.3865885920129559,0.170095569678741,94.52853468036162
2026p189015,earthquake,2026-03-11T22:27:38.954Z,2026-03-11T22:33:00.700Z,175.02774047851562,-40.10060119628906,2.15549932652908,12.0,MLv,operator assigned,LOCSAT,confirmed,manual,iasp91,41,29,8,0.3470591306686401,124.66087341308594,0.5707367985899625,0.2372100358557346,116.96324952556077
2026p188837,earthquake,2026-03-11T20:52:46.860Z,2026-03-11T20:56:41.434Z,176.51187133789062,-38.4921760559082,2.331421331698245,5.0,MLv,operator assigned,LOCSAT,confirmed,manual,iasp91,26,17,25,0.0934033393859863,63.08474028110504,0.2231479466229282,0.190053072643513,106.16860382141844
2026p187007,not locatable,2026-03-11T04:37:32.652Z,2026-03-11T04:48:59.074Z,176.02590942382812,-39.49383163452149,2.239294401434338,10.0,M,,LOCSAT,,automatic,iasp91,11,11,5,0.028928218409419,115.24149322509766,0.924733662809076,0.0,50.51795652412456
2026p185691,earthquake,2026-03-10T16:56:12.493Z,2026-03-10T16:58:44.826Z,175.04283142089844,-39.190616607666016,2.099082025066497,19.93411636352539,MLv,,LOCSAT,confirmed,manual,iasp91,35,22,10,0.2307929843664169,158.1659393310547,0.1640219830110748,0.2083425919730875,51.098205197370305
2026p183451,earthquake,2026-03-09T21:03:03.739Z,2026-03-09T21:05:09.050Z,176.29710388183594,-40.19415283203125,2.232851566109922,39.28641891479492,MLv,,LOCSAT,confirmed,manual,iasp91,29,17,16,0.1446187943220138,53.79071044921875,0.3558929005735793,0.2334353908094469,128.5321909500012
2026p182919,earthquake,2026-03-09T16:19:36.027Z,2026-03-09T16:25:21.374Z,176.63099670410156,-39.9353141784668,2.3723769887731483,22.87963104248047,MLv,,LOCSAT,confirmed,manual,iasp91,31,23,16,0.0368885956704616,64.66871643066406,0.3562605218282821,0.1439278543775301,121.81846476919675
2026p182310,earthquake,2026-03-09T10:54:50.618Z,2026-03-09T12:26:50.021Z,176.5832977294922,-39.91721725463867,2.381356347660186,26.99291610717773,MLv,,LOCSAT,confirmed,manual,iasp91,54,31,23,0.0266251992434263,56.22304916381836,0.3613145129132329,0.1989189906070316,117.52096496543784
2026p182222,earthquake,2026-03-09T10:08:04.224Z,2026-03-09T10:12:21.895Z,176.74839782714844,-39.60442352294922,2.4310518988064125,27.08099365234375,MLv,,LOCSAT,confirmed,manual,iasp91,33,26,18,0.121517427265644,52.39451217651367,0.3042296490033771,0.1682542017550377,108.23530049381893
2026p182195,earthquake,2026-03-09T09:53:56.089Z,2026-03-09T09:57:57.354Z,176.22494506835938,-38.481719970703125,2.161461547276218,3.752152442932129,MLv,,LOCSAT,confirmed,manual,iasp91,32,25,18,0.0619588457047939,42.18409729003906,0.2807003929804552,0.2048304531853036,90.88648724245164
2026p181704,earthquake,2026-03-09T05:32:14.408Z,2026-03-09T05:37:36.169Z,176.34251403808594,-40.36671447753906,2.3406578890984373,26.04470443725586,MLv,,LOCSAT,confirmed,manual,iasp91,36,22,15,0.0417034439742565,66.63764953613281,0.4254550116349852,0.1690061843216952,147.48659206733248
2026p180770,earthquake,2026-03-08T21:14:34.388Z,2026-03-08T21:24:42.301Z,176.09535217285156,-38.65885162353516,2.0096623200522514,5.0,MLv,operator assigned,LOCSAT,confirmed,manual,iasp91,19,17,9,0.0263783168047666,56.67181396484375,0.3740964236135238,0.3144824378847004,68.30242326705792
2026p179742,earthquake,2026-03-08T12:06:49.015Z,2026-03-08T12:10:04.686Z,176.74395751953125,-39.940521240234375,2.518760309836858,31.5088005065918,MLv,,LOCSAT,confirmed,manual,iasp91,57,33,39,0.1227762028574943,92.04991149902344,0.4218833856434573,0.1247970625309499,129.22916397973276
2026p178891,earthquake,2026-03-08T04:33:09.291Z,2026-03-08T04:39:27.754Z,174.9649658203125,-40.12112045288086,2.545267281333905,15.360422134399414,MLv,,LOCSAT,confirmed,manual,iasp91,42,27,25,0.1978134512901306,88.93505859375,0.6318380257286307,0.1364992099966838,121.45323438422811
2026p178790,earthquake,2026-03-08T03:39:21.381Z,2026-04-09T01:46:41.550Z,174.986328125,-40.11495208740234,3.0522830837742507,14.582867622375488,MLv,,LOCSAT,confirmed,manual,iasp91,60,42,53,0.1871857196092605,60.52998352050781,0.5800440344426822,0.1327126318739359,119.99230315190015
2026p178754,earthquake,2026-03-08T03:20:22.038Z,2026-03-08T04:59:40.101Z,174.82630920410156,-39.2816276550293,2.272375528951017,20.645959854125977,MLv,,LOCSAT,confirmed,manual,iasp91,39,22,14,0.1656844168901443,75.92170715332031,0.3848708070967265,0.2475605981762862,70.99371624674674
2026p176996,earthquake,2026-03-07T11:43:54.034Z,2026-03-07T11:48:51.110Z,174.80621337890625,-40.2781867980957,2.5710741652941955,18.547231674194336,MLv,,LOCSAT,confirmed,manual,iasp91,41,35,37,0.3962165117263794,75.80650329589844,0.6291171236275386,0.208476480396351,143.2696746777976
2026p176742,earthquake,2026-03-07T09:28:26.177Z,2026-03-07T09:31:58.991Z,175.42686462402344,-39.957462310791016,2.518001785943092,18.062803268432617,MLv,,LOCSAT,confirmed,manual,iasp91,31,19,41,0.2622650861740112,101.61566162109376,0.5558716780916112,0.1771623314522517,90.65316119733554
2026p176350,earthquake,2026-03-07T05:59:17.730Z,2026-03-07T06:02:45.126Z,176.81016540527344,-39.79191589355469,2.1530725568159004,32.35553741455078,MLv,,LOCSAT,confirmed,manual,iasp91,42,25,13,0.0512504465878009,77.91486358642578,0.4049007348107187,0.2266556633850791,123.4584160820065
2026p172647,earthquake,2026-03-05T21:06:28.534Z,2026-03-05T21:10:11.289Z,176.77621459960938,-39.58098983764648,2.0733631346601245,25.91263961791992,MLv,,LOCSAT,confirmed,manual,iasp91,25,15,9,0.119173914194107,56.92220687866211,0.285408631905637,0.1979978194261538,109.23733741344601
2026p172615,earthquake,2026-03-05T20:49:35.441Z,2026-04-02T02:25:37.042Z,176.3229217529297,-40.2680778503418,2.806918971052712,26.46646308898926,MLv,,LOCSAT,confirmed,manual,iasp91,40,23,37,0.1234661936759948,59.0939712524414,0.2985871878028697,0.1492775063903919,136.86769467436724
2026p170894,earthquake,2026-03-05T05:32:19.856Z,2026-03-05T07:50:45.966Z,175.07923889160156,-40.32720947265625,2.113535621440166,5.0,MLv,operator assigned,LOCSAT,confirmed,manual,iasp91,29,23,12,0.2175445109605789,66.377197265625,0.7427426256151217,0.1761155834290131,138.35056368059273
2026p168626,earthquake,2026-03-04T09:24:00.488Z,2026-03-04T09:30:30.531Z,174.9082794189453,-39.164310455322266,2.3292309286244155,17.919893264770508,MLv,,LOCSAT,confirmed,manual,iasp91,36,30,19,0.1231566593050956,67.50604248046875,0.5364470216147813,0.2474607998755143,62.60331656993504
2026p167614,earthquake,2026-03-04T00:25:05.125Z,2026-03-04T00:29:44.233Z,175.02139282226562,-40.103172302246094,2.070930800788422,12.0,MLv,operator assigned,LOCSAT,confirmed,manual,iasp91,33,21,11,0.2472633719444275,109.46914672851562,0.6705047780060363,0.1863228356556858,117.46109967270084
2026p166406,earthquake,2026-03-03T13:41:28.189Z,2026-03-03T13:45:30.557Z,176.49790954589844,-40.17389297485352,2.2277915007772564,33.8568229675293,MLv,,LOCSAT,confirmed,manual,iasp91,34,25,11,0.1180023252964019,68.35597229003906,0.4110389045063536,0.2283424286569001,135.16728549786882
2026p166211,earthquake,2026-03-03T11:57:44.402Z,2026-03-03T12:58:29.402Z,176.32809448242188,-38.320045471191406,2.4479831639320278,5.0,MLv,operator assigned,LOCSAT,confirmed,manual,iasp91,29,23,13,0.0660203918814659,49.50173950195312,0.2317362087265089,0.1976005741168219,110.8233404432853
2026p166179,earthquake,2026-03-03T11:40:14.594Z,2026-03-03T11:44:33.494Z,176.79588317871094,-40.12510299682617,2.128308813741685,17.205135345458984,MLv,,LOCSAT,confirmed,manual,iasp91,30,20,10,0.1071785539388656,187.83806610107425,0.5355508142029387,0.1520760235128691,146.74310239457662
2026p163110,earthquake,2026-03-02T08:25:17.716Z,2026-03-30T22:05:28.914Z,176.38848876953125,-39.25791931152344,2.694632062963996,34.261173248291016,MLv,,LOCSAT,confirmed,manual,iasp91,53,40,28,0.1225640028715133,32.88727426528931,0.4385877219938252,0.2387242305740333,66.25511565699415
2026p160827,earthquake,2026-03-01T12:08:56.306Z,2026-03-01T12:11:35.379Z,176.4994659423828,-40.32819747924805,2.321555275603693,12.622332572937012,MLv,,LOCSAT,confirmed,manual,iasp91,24,18,6,0.0897015258669853,114.86016082763672,0.4450297543769282,0.1820861517524317,149.8049620959946
2026p159725,earthquake,2026-03-01T02:21:50.195Z,2026-03-30T21:52:20.148Z,176.64515686035156,-40.075103759765625,3.3472143959430656,35.09268951416016,MLv,,LOCSAT,confirmed,manual,iasp91,41,23,74,0.1391642540693283,107.1481475830078,0.4131007338676835,0.1873895787842176,134.01304593288603
2026p159028,earthquake,2026-02-28T20:10:08.302Z,2026-02-28T20:15:57.919Z,174.7672119140625,-40.28929901123047,2.1547282932454634,19.218530654907227,MLv,,LOCSAT,confirmed,manual,iasp91,19,11,5,0.3903867900371551,146.23614883422852,0.4678076863351683,0.0993325663741702,146.01078416773927
2026p158764,earthquake,2026-02-28T17:49:52.276Z,2026-03-26T22:06:48.208Z,176.19577026367188,-38.36001586914063,2.7793091043435814,3.940331697463989,MLv,,LOCSAT,confirmed,manual,iasp91,43,31,54,0.0621202625334262,79.85684204101562,0.344274108280859,0.254774492343335,101.07917465500695
2026p155289,earthquake,2026-02-27T10:58:04.549Z,2026-02-27T11:06:25.020Z,176.6511993408203,-40.09748077392578,2.360357355875599,34.35239028930664,MLv,,LOCSAT,confirmed,manual,iasp91,32,19,42,0.1618035435676574,116.49808502197266,0.3174292547901102,0.1631897644394515,136.23666275680165
2026p152794,earthquake,2026-02-26T12:48:50.300Z,2026-02-26T15:06:46.185Z,174.779541015625,-40.28183364868164,2.4129082036059706,12.0,MLv,operator assigned,LOCSAT,confirmed,manual,iasp91,39,31,20,0.3853819966316223,69.33757019042969,0.7226464644397602,0.2210948422685697,144.76258914388043
2026p151934,earthquake,2026-02-26T05:10:30.597Z,2026-02-26T05:18:48.003Z,174.78054809570312,-40.26210403442383,2.1406739818645204,12.0,MLv,operator assigned,LOCSAT,confirmed,manual,iasp91,32,27,6,0.4130938351154327,77.23435974121094,0.6618198714871641,0.1928608830143144,142.83744212548515
2026p151276,earthquake,2026-02-25T23:19:56.085Z,2026-02-25T23:28:41.645Z,174.8736114501953,-39.268436431884766,2.412538178380937,24.53136444091797,MLv,,LOCSAT,confirmed,manual,iasp91,27,19,18,0.169452890753746,72.24473571777344,0.4079334966237208,0.1774962338974294,66.71041750065513
2026p149039,earthquake,2026-02-25T03:28:24.995Z,2026-02-25T05:14:52.627Z,174.76287841796875,-40.3000602722168,2.1154249411870203,12.0,MLv,operator assigned,LOCSAT,confirmed,manual,iasp91,25,18,29,0.3887600898742676,77.65737915039062,0.5147393322439088,0.2487867982728899,147.22605990736014
2026p148851,earthquake,2026-02-25T01:47:55.321Z,2026-02-25T01:51:55.564Z,176.0827178955078,-38.65648651123047,2.102958329083472,4.812882900238037,MLv,,LOCSAT,confirmed,manual,iasp91,15,10,6,0.0254813991487026,76.23837280273438,0.2590084712337913,0.4194294157196007,67.8791100648201
2026p148813,earthquake,2026-02-25T01:28:07.856Z,2026-02-25T01:32:43.491Z,176.0859832763672,-38.66670989990234,2.010952830372565,5.0,MLv,operator assigned,LOCSAT,confirmed,manual,iasp91,12,10,7,0.024361751973629,88.45651245117188,0.273610474095919,0.3889760385780532,67.11793075080317
2026p148210,earthquake,2026-02-24T20:06:20.766Z,2026-02-24T20:13:13.590Z,174.76405334472656,-40.2775764465332,2.215857452057629,12.0,MLv,operator assigned,LOCSAT,confirmed,manual,iasp91,31,23,9,0.4278829395771026,77.84495544433594,0.5954850205941588,0.1205229850898311,145.03327177005363
2026p148031,earthquake,2026-02-24T18:31:16.457Z,2026-02-24T18:36:27.137Z,176.62384033203125,-39.89785003662109,2.390062698946087,33.14616775512695,MLv,,LOCSAT,confirmed,manual,iasp91,44,30,16,0.0550982244312763,63.73380661010742,0.4395375259661462,0.2130450853234713,118.47581849537738
2026p146967,earthquake,2026-02-24T09:04:02.105Z,2026-03-20T02:17:00.649Z,175.62059020996094,-39.84494018554688,2.5214708343445684,32.06720733642578,MLv,,LOCSAT,confirmed,manual,iasp91,22,13,31,0.2129531502723693,67.26707458496094,0.3689302627864239,0.1929843930458339,76.42655526252958
2026p143980,earthquake,2026-02-23T06:32:59.053Z,2026-02-23T06:36:06.144Z,174.7876739501953,-40.29281234741211,2.0787765677069414,12.0,MLv,operator assigned,LOCSAT,confirmed,manual,iasp91,14,10,8,0.4129666090011596,108.15618896484376,0.3009426770380146,0.1881763209910508,145.464582559305
2026p142668,earthquake,2026-02-22T18:53:40.211Z,2026-02-22T18:59:34.510Z,176.693359375,-40.02702713012695,2.1359982838778366,34.3477783203125,MLv,,LOCSAT,confirmed,manual,iasp91,30,18,14,0.1179769188165664,98.89795684814452,0.4375529324809215,0.1991299110331121,132.82303298668725
2026p139725,earthquake,2026-02-21T16:45:34.167Z,2026-03-16T22:28:09.070Z,175.62786865234375,-39.84454345703125,2.6473715409862573,34.22256088256836,MLv,,LOCSAT,confirmed,manual,iasp91,39,26,31,0.1307596117258072,46.7886962890625,0.3650406115687368,0.1659287011221643,76.37665482968819
2026p139362,earthquake,2026-02-21T13:32:34.560Z,2026-03-16T22:51:17.783Z,175.63746643066406,-39.84492111206055,3.619474938592531,35.49762344360352,MLv,,LOCSAT,confirmed,manual,iasp91,43,32,95,0.1237953305244445,44.3656005859375,0.4308332586263784,0.2013399009791797,76.41870924100937
2026p139161,earthquake,2026-02-21T11:45:22.734Z,2026-02-21T11:50:22.755Z,174.95980834960938,-40.11494064331055,2.1905488244832405,16.625226974487305,MLv,,LOCSAT,confirmed,manual,iasp91,32,26,9,0.1933326572179794,89.27023315429688,0.5496546983691358,0.1437067492045399,121.06044480798693
2026p138646,earthquake,2026-02-21T07:10:51.267Z,2026-02-21T07:16:56.379Z,176.64993286132812,-40.28377914428711,2.4385393147662238,16.04515266418457,MLv,,LOCSAT,confirmed,manual,iasp91,30,20,35,0.0207335222512483,175.66515731811523,0.5839125053304671,0.1542192112243055,152.54647717397762
2026p138396,earthquake,2026-02-21T04:57:40.736Z,2026-02-21T05:00:29.785Z,174.72970581054688,-39.27091217041016,2.0962009217038418,20.4793643951416,MLv,,LOCSAT,confirmed,manual,iasp91,8,6,5,0.1258834600448608,92.75719547271729,0.1222218767714408,0.0724592541742274,78.99808576544855
2026p138023,earthquake,2026-02-21T01:38:52.077Z,2026-02-21T01:42:48.458Z,176.67738342285156,-40.02997589111328,2.424361565947793,33.27610397338867,MLv,,LOCSAT,confirmed,manual,iasp91,30,17,31,0.1418718546628952,97.4595718383789,0.3883923215263606,0.1646026397366309,132.12417355353324
2026p136896,earthquake,2026-02-20T15:38:33.578Z,2026-02-20T15:41:55.953Z,176.10256958007812,-38.652042388916016,2.1314061344689,3.392789363861084,MLv,,LOCSAT,confirmed,manual,iasp91,16,15,7,0.0207439083606004,42.58940887451172,0.3075180437066363,0.3442752250651186,69.28307776712258
2026p135251,earthquake,2026-02-20T01:01:55.087Z,2026-02-20T01:06:43.665Z,176.6195068359375,-39.85696029663086,2.163079821704605,37.20079040527344,MLv,,LOCSAT,confirmed,manual,iasp91,16,10,10,0.2076854705810547,80.22265625,0.8213611430751906,0.2075319105194409,115.11199334578843
2026p134231,earthquake,2026-02-19T15:58:38.623Z,2026-03-15T23:08:04.730Z,176.5830078125,-40.05509567260742,3.4198525186667927,34.10334777832031,MLv,,LOCSAT,confirmed,manual,iasp91,69,41,78,0.1097058281302452,85.70130920410156,0.4690140585460862,0.1711163411245918,128.8942052508092
2026p133739,earthquake,2026-02-19T11:36:20.993Z,2026-02-19T11:40:58.981Z,176.5438995361328,-38.61555099487305,2.334777030934068,5.0,MLv,operator assigned,LOCSAT,confirmed,manual,iasp91,43,31,30,0.1662461906671524,50.90303510427475,0.5257562324787861,0.1677168111972556,99.30085587656487
2026p132476,earthquake,2026-02-19T00:23:38.698Z,2026-02-19T00:29:54.324Z,176.1004180908203,-38.63542175292969,2.100059933521509,4.548515319824219,MLv,,LOCSAT,confirmed,manual,iasp91,13,10,6,0.006030180491507,89.70372772216797,0.3430708323981358,0.355624694507637,70.67850662273156
2026p131683,earthquake,2026-02-18T17:21:14.402Z,2026-02-18T17:24:44.418Z,175.70033264160156,-39.49807357788086,2.103839649065619,7.551952362060547,MLv,,LOCSAT,confirmed,manual,iasp91,35,24,20,0.0996253117918968,86.90348815917969,0.2568007707555452,0.2319004725104302,38.3557425013345
2026p131423,earthquake,2026-02-18T15:02:27.206Z,2026-03-12T23:24:57.323Z,176.65176391601562,-39.88573455810547,3.130644877642,30.740169525146484,MLv,,LOCSAT,confirmed,manual,iasp91,59,34,70,0.0778554081916809,69.49002456665039,0.430079092802526,0.1669647300330766,119.30326021786935
2026p130004,earthquake,2026-02-18T02:26:22.851Z,2026-03-13T00:05:12.306Z,174.90003967285156,-40.13524627685547,2.030141225759499,22.66601181030273,MLv,,LOCSAT,preliminary,manual,iasp91,21,16,5,0.3257102370262146,121.47158241271973,0.4422952146732759,0.2994903354190506,125.53182153299329
2026p129197,earthquake,2026-02-17T19:16:34.956Z,2026-03-12T00:28:46.275Z,175.71253967285156,-39.47251129150391,2.167442215969892,10.358051300048828,MLv,,LOCSAT,confirmed,manual,iasp91,44,28,37,0.0724826082587242,80.31251525878906,0.4162778365268013,0.1912934524699474,35.741877144957094
2026p128338,earthquake,2026-02-17T11:38:36.520Z,2026-03-12T00:37:35.115Z,174.3860321044922,-40.1745491027832,2.734805519289386,21.5803337097168,MLv,,LOCSAT,confirmed,manual,iasp91,47,32,25,0.5621889233589172,85.61979675292969,0.4160558053588218,0.2141128813512169,155.6039015377041
2026p128026,earthquake,2026-02-17T08:52:15.180Z,2026-02-17T08:56:37.210Z,176.29710388183594,-39.44783020019531,2.1540274557760237,30.987648010253903,MLv,,LOCSAT,confirmed,manual,iasp91,28,21,25,0.1002134159207344,67.91728210449219,0.4023018013315215,0.2269909329479908,65.81138382531292
2026p127307,earthquake,2026-02-17T02:29:15.120Z,2026-02-17T02:34:12.197Z,176.106689453125,-38.63487243652344,2.173765773965589,4.610819339752197,MLv,,LOCSAT,confirmed,manual,iasp91,21,13,8,0.0104500912129879,72.55474853515625,0.3329548984531328,0.357607969179168,71.04214653325282
2026p126745,earthquake,2026-02-16T21:29:58.160Z,2026-03-11T23:26:00.009Z,175.0373992919922,-40.16622543334961,2.413534062499968,26.85024070739746,MLv,,LOCSAT,confirmed,manual,iasp91,54,40,14,0.2163429707288742,59.51860046386719,0.7461185282923154,0.202652452660909,123.17864943300542
2026p126188,earthquake,2026-02-16T16:33:25.572Z,2026-02-16T16:38:23.435Z,176.7122039794922,-39.08784103393555,2.33275631898073,33.795352935791016,MLv,,LOCSAT,confirmed,manual,iasp91,22,17,12,0.0739696100354194,72.25895690917969,0.5049505429217096,0.1774332201589038,93.67795824272717
2026p123818,earthquake,2026-02-15T19:30:17.654Z,2026-03-11T01:02:25.362Z,176.07887268066406,-38.64701461791992,2.419756703744774,5.0,MLv,operator assigned,LOCSAT,confirmed,manual,iasp91,15,14,6,0.0185998529195785,86.1481761932373,1.1666128840717516,0.4910229273141464,68.55436647535488
2026p123774,earthquake,2026-02-15T19:07:09.152Z,2026-03-11T01:04:30.047Z,176.08497619628906,-38.628231048583984,2.2751638172452973,5.0,MLv,operator assigned,LOCSAT,confirmed,manual,iasp91,17,14,11,0.0080378567799925,60.01177549362183,0.2571649563406747,0.3779517841604404,70.58088321792711
2026p122916,earthquake,2026-02-15T11:29:55.697Z,2026-02-15T15:56:20.498Z,176.0546417236328,-39.48202896118164,2.0376563965857937,5.0,MLv,operator assigned,LOCSAT,confirmed,manual,iasp91,14,10,5,0.0096756825223565,100.63221740722656,0.4697686300773009,0.5175732614292949,51.28454096264682
2026p121913,earthquake,2026-02-15T02:35:45.333Z,2026-02-15T05:09:43.537Z,174.96238708496094,-39.30392837524414,2.5262305518530117,17.749738693237305,MLv,,LOCSAT,confirmed,manual,iasp91,24,17,19,0.239297553896904,100.218017578125,0.2587092763539818,0.164580927607485,60.13006550359574
2026p121593,earthquake,2026-02-14T23:45:07.651Z,2026-03-11T00:23:06.633Z,175.0287322998047,-39.30101776123047,3.0252687950626926,21.699275970458984,MLv,,LOCSAT,confirmed,manual,iasp91,44,28,31,0.2467601150274276,67.45744323730469,0.4341014414862723,0.2245215316751538,54.54485749382762
2026p121552,earthquake,2026-02-14T23:23:18.983Z,2026-02-14T23:28:13.634Z,175.49868774414062,-38.80780792236328,2.1579009339340374,5.0,MLv,operator assigned,LOCSAT,confirmed,manual,iasp91,34,24,13,0.2084382772445678,60.0109395980835,0.5816297364003763,0.2116377561768765,40.42393433647474
2026p121107,earthquake,2026-02-14T19:26:14.633Z,2026-02-14T19:30:28.195Z,175.27601623535156,-38.6261100769043,2.341803111615451,5.0,MLv,operator assigned,LOCSAT,confirmed,manual,iasp91,30,25,9,0.2386412471532821,82.53184700012207,0.4356326526658179,0.2957691110340792,66.5230393053274
2026p121023,earthquake,2026-02-14T18:41:07.013Z,2026-02-14T18:49:46.331Z,174.92726135253906,-39.357200622558594,2.2744117873039404,12.0,MLv,operator assigned,LOCSAT,confirmed,manual,iasp91,27,19,7,0.2669481337070465,82.08692932128906,0.3761110148611887,0.157361527928819,64.81835889101123
2026p120046,earthquake,2026-02-14T10:01:17.434Z,2026-03-11T00:26:35.916Z,175.08729553222656,-39.33518981933594,3.1921792540719998,20.65680885314941,MLv,,LOCSAT,confirmed,manual,iasp91,47,30,61,0.2061516791582107,65.93447875976562,0.4665812151129841,0.1812995204557337,51.072321232776964
2026p119930,earthquake,2026-02-14T08:59:29.941Z,2026-02-14T09:05:44.486Z,174.57139587402344,-40.17398071289063,2.051085063414286,12.0,MLv,operator assigned,LOCSAT,confirmed,manual,iasp91,13,9,1,0.5260505676269531,121.24303340911864,0.6595550602812996,0.0,145.08308006153626
2026p114889,volcano-tectonic,2026-02-12T12:13:10.633Z,2026-03-09T23:30:23.150Z,176.18087768554688,-38.36334991455078,2.869508415382624,3.804120302200317,MLv,,LOCSAT,confirmed,manual,iasp91,38,27,28,0.0574303604662418,35.77635192871094,0.3678850809198852,0.231730305477807,100.1324737418789
2026p114524,earthquake,2026-02-12T08:58:53.376Z,2026-02-12T09:04:27.753Z,175.06723022460938,-39.31975555419922,2.0748139560166106,19.552902221679688,MLv,,LOCSAT,confirmed,manual,iasp91,29,21,17,0.2187070399522781,74.31196594238281,0.5108268746814697,0.1928850067418732,52.05728760151765
2026p114206,earthquake,2026-02-12T06:09:18.466Z,2026-02-12T06:13:57.892Z,174.7562713623047,-40.27730178833008,2.18060515956289,12.0,MLv,operator assigned,LOCSAT,confirmed,manual,iasp91,22,16,19,0.4337116479873657,90.05082702636719,0.6324847994298406,0.2629414174895876,145.3509418734049
2026p113505,earthquake,2026-02-11T23:55:31.195Z,2026-02-12T00:00:09.959Z,176.60543823242188,-39.87461853027344,2.296538527411823,36.3885612487793,MLv,,LOCSAT,confirmed,manual,iasp91,49,27,28,0.0710426494479179,59.17514038085938,0.4826271537194403,0.1594907388248656,115.55857429416142
2026p111873,earthquake,2026-02-11T09:26:16.031Z,2026-02-11T09:29:08.878Z,176.18051147460938,-38.36348342895508,2.403143648241035,4.058978080749512,MLv,,LOCSAT,confirmed,manual,iasp91,20,15,9,0.0571827068924903,70.41146850585938,0.2738024788236424,0.1923705203472452,100.10427103904705
2026p110868,earthquake,2026-02-11T00:31:50.337Z,2026-02-11T00:37:37.885Z,175.0452117919922,-39.2379264831543,2.5259286366477016,17.73309326171875,MLv,,LOCSAT,confirmed,manual,iasp91,39,32,26,0.2500799000263214,51.5081787109375,0.537090596313966,0.2093522758012485,51.53251113454147
2026p110454,earthquake,2026-02-10T20:50:09.670Z,2026-02-10T21:18:02.052Z,175.037353515625,-39.25814056396485,3.567456039539588,15.471734046936035,MLv,,LOCSAT,confirmed,manual,iasp91,64,44,62,0.2418725937604904,62.89454650878906,0.3567473865203976,0.2263082085591549,52.628231056614936
2026p110136,earthquake,2026-02-10T18:01:17.715Z,2026-02-10T18:05:45.433Z,176.20745849609375,-38.59628677368164,2.371073783128105,5.0,MLv,operator assigned,LOCSAT,confirmed,manual,iasp91,29,24,26,0.0753111466765403,43.5750732421875,0.3740300034062136,0.2531177198362161,79.74003756081949
2026p109432,earthquake,2026-02-10T11:45:28.793Z,2026-02-10T11:51:24.255Z,174.83706665039062,-39.229774475097656,2.377560046085908,17.694318771362305,MLv,,LOCSAT,confirmed,manual,iasp91,28,22,29,0.1217353492975235,67.83692932128906,0.4375830270638742,0.1843689662760175,69.19863254867666
2026p109071,earthquake,2026-02-10T08:33:16.046Z,2026-02-10T08:36:56.900Z,174.99224853515625,-39.30729293823242,2.1033555427122197,23.28454971313477,MLv,,LOCSAT,confirmed,manual,iasp91,12,8,16,0.2576177418231964,85.99526977539062,0.1426050751881814,0.2081206693094792,57.75894505589528
2026p108883,earthquake,2026-02-10T06:53:07.752Z,2026-03-09T21:42:41.700Z,174.42428588867188,-39.94938659667969,2.73076495915818,12.0,MLv,operator assigned,LOCSAT,confirmed,manual,iasp91,41,26,40,0.4738179743289948,83.35505676269531,0.5562470951684771,0.1352977284936211,136.12626618183538
2026p108229,earthquake,2026-02-10T01:04:39.425Z,2026-03-09T22:00:31.614Z,174.75689697265625,-39.03121566772461,3.248684544649509,23.9963321685791,MLv,,LOCSAT,confirmed,manual,iasp91,45,35,66,0.0930019691586494,101.46418380737305,0.5838905143836316,0.197696214258509,77.02153190074196
2026p108079,earthquake,2026-02-09T23:44:54.306Z,2026-02-09T23:50:50.159Z,175.0021209716797,-39.724403381347656,2.134819759554583,34.429439544677734,MLv,,LOCSAT,confirmed,manual,iasp91,35,23,15,0.0328011400997638,148.45091819763184,0.6347165876585552,0.1834455038545978,83.17908405697607
2026p107640,earthquake,2026-02-09T19:50:35.958Z,2026-03-09T01:59:59.338Z,176.32005310058594,-40.307559967041016,3.599286629711038,7.05703067779541,MLv,,LOCSAT,confirmed,manual,iasp91,34,23,80,0.0934679582715034,53.41744995117188,0.5462024669078277,0.1838597883097595,140.72292183983967
2026p104133,earthquake,2026-02-08T12:42:33.970Z,2026-03-06T02:00:43.317Z,176.65309143066406,-39.923439025878906,3.1182449563673478,26.040674209594727,MLv,,LOCSAT,confirmed,manual,iasp91,46,29,64,0.056677009910345,70.55669021606445,0.4025160214203194,0.1811156995887827,122.24725923325465
2026p103251,earthquake,2026-02-08T04:52:34.591Z,2026-03-06T01:54:10.641Z,176.80686950683594,-39.825340270996094,2.9564557028432503,32.67877197265625,MLv,,LOCSAT,confirmed,manual,iasp91,77,58,49,0.0620745606720447,108.32073974609376,0.5419272239421928,0.16998177042146,125.36727497729778
2026p103027,earthquake,2026-02-08T02:52:57.818Z,2026-02-08T02:59:04.261Z,175.2546844482422,-40.25959396362305,2.4420814577811294,21.825841903686523,MLv,,LOCSAT,confirmed,manual,iasp91,17,13,1,0.0710455626249313,134.1050567626953,0.6773094482666877,0.0,126.67498949488194
2026p101487,earthquake,2026-02-07T13:12:25.441Z,2026-02-07T13:24:04.963Z,176.3743438720703,-40.27646255493164,2.2301145248402348,26.486352920532227,MLv,,LOCSAT,confirmed,manual,iasp91,33,19,29,0.1333411931991577,59.10215759277344,0.2484869393603915,0.2263478147893099,139.6581749105437
2026p100350,earthquake,2026-02-07T03:06:50.994Z,2026-02-07T03:12:28.222Z,176.1001739501953,-38.66706466674805,2.043204398729207,4.078468322753906,MLv,,LOCSAT,confirmed,manual,iasp91,35,23,13,0.0320149026811122,42.43023681640625,0.4508583139155392,0.3486844413220407,67.81484539603048
2026p100003,earthquake,2026-02-07T00:01:45.106Z,2026-02-07T00:08:52.292Z,174.8948974609375,-40.20130920410156,2.9041686229988493,12.0,MLv,operator assigned,LOCSAT,confirmed,manual,iasp91,46,44,44,0.2920302152633667,71.79450988769531,0.4795367360978864,0.1604482515275792,132.1284806980774
2026p097285,not locatable,2026-02-05T23:53:40.763Z,2026-02-05T23:59:39.221Z,176.09217834472656,-39.81866836547852,2.4660859668359887,10.0,M,,LOCSAT,,automatic,iasp91,11,11,1,0.48786661028862,120.4354019165039,0.9697348386459228,0.0,83.46372679544442
2026p096511,earthquake,2026-02-05T17:01:27.047Z,2026-02-05T17:04:45.315Z,176.57261657714844,-40.33100509643555,2.3811111193916883,12.450242042541504,MLv,,LOCSAT,confirmed,manual,iasp91,22,14,21,0.0803612396121025,169.3415184020996,0.4477477376615437,0.1987705228964676,153.27583727710197
2026p094590,earthquake,2026-02-04T23:57:59.940Z,2026-02-05T00:03:53.313Z,174.88479614257812,-40.0605354309082,2.123233995495148,23.7967586517334,MLv,,LOCSAT,confirmed,manual,iasp91,26,16,9,0.1782708615064621,149.7748556137085,0.6090503152569552,0.1362810591676164,119.1430021618314
2026p092094,earthquake,2026-02-04T01:47:53.700Z,2026-02-04T02:06:39.528Z,176.11651611328125,-38.634727478027344,2.3106892243917643,5.905014514923096,MLv,,LOCSAT,confirmed,manual,iasp91,29,26,16,0.0075547290034592,62.44712829589844,0.34529578873638,0.2949053973296973,71.5521734491889
2026p091324,earthquake,2026-02-03T18:57:36.825Z,2026-02-03T19:01:02.400Z,176.68862915039062,-40.261905670166016,2.570560833064157,18.603843688964844,MLv,,LOCSAT,confirmed,manual,iasp91,26,16,7,0.0411438271403312,188.83202171325684,0.5174974031031484,0.1572400133755381,152.51499313121414
2026p091298,earthquake,2026-02-03T18:43:44.860Z,2026-03-03T21:46:25.061Z,176.70021057128906,-40.264739990234375,3.107241828022601,17.008556365966797,MLv,,LOCSAT,confirmed,manual,iasp91,35,22,12,0.0497893430292606,191.72074699401853,0.3901536145785971,0.157532861542464,153.35799990833627
2026p090534,earthquake,2026-02-03T11:56:51.964Z,2026-02-03T12:00:28.229Z,175.1073760986328,-39.23997116088867,2.110883116610616,20.57033920288086,MLv,,LOCSAT,confirmed,manual,iasp91,28,15,12,0.191960722208023,82.32026672363281,0.400870721170902,0.2820312799339272,46.29920267833909
2026p087792,earthquake,2026-02-02T11:36:03.235Z,2026-02-02T11:39:34.235Z,176.6134033203125,-40.27048873901367,2.038166700210948,16.744009017944336,MLv,,LOCSAT,confirmed,manual,iasp91,24,18,10,0.0171615369617939,133.03583526611328,0.5787448719702352,0.0971273735659161,149.5594724557991
2026p087290,earthquake,2026-02-02T07:08:27.335Z,2026-02-02T07:18:29.126Z,176.2015380859375,-38.62212753295898,2.527558294538,5.0,MLv,operator assigned,LOCSAT,confirmed,manual,iasp91,34,26,42,0.0523760914802551,49.29495239257812,0.3495027705816897,0.1949401443382461,77.18776109213454
2026p087284,volcano-tectonic,2026-02-02T07:04:57.427Z,2026-03-02T23:32:26.752Z,176.1969451904297,-38.61591720581055,2.1446245940941204,2.5389420986175537,MLv,,LOCSAT,confirmed,manual,iasp91,20,16,12,0.0564596205949783,80.85946655273438,0.185509029237572,0.2128991271830434,77.46781518929396
2026p085945,earthquake,2026-02-01T19:11:38.933Z,2026-02-01T20:30:56.168Z,174.7953338623047,-40.2191276550293,2.134108003688925,34.933616638183594,MLv,,LOCSAT,confirmed,manual,iasp91,23,15,5,0.3982555270195007,76.21170043945312,0.371496629454603,0.2821772689967746,138.10665895564034
2026p085012,earthquake,2026-02-01T10:55:44.365Z,2026-02-01T11:00:53.475Z,176.3788299560547,-40.07596969604492,2.213081550910988,20.79326057434082,MLv,,LOCSAT,confirmed,manual,iasp91,41,29,18,0.0487977042794227,50.95944213867188,0.4646175533275292,0.1467174225955511,120.52030908555341
2026p083814,earthquake,2026-02-01T00:16:32.449Z,2026-02-01T00:21:01.860Z,174.89102172851562,-40.13513946533203,2.138394596499833,26.906370162963867,MLv,,LOCSAT,confirmed,manual,iasp91,26,14,9,0.2345861196517944,93.19938659667967,0.7103990872180875,0.2112289249098907,125.91103861516957
2026p083037,earthquake,2026-01-31T17:22:07.391Z,2026-01-31T17:27:48.525Z,176.62460327148438,-40.26529312133789,2.1047688584070925,13.742088317871094,MLv,,LOCSAT,confirmed,manual,iasp91,23,16,12,0.0081624137237668,112.85292053222656,0.7390579890845003,0.1647335742144534,149.62847448302256
2026p082482,earthquake,2026-01-31T12:26:25.670Z,2026-01-31T12:32:19.557Z,176.2005157470703,-38.62787628173828,2.042861041243796,4.772574901580811,MLv,,LOCSAT,confirmed,manual,iasp91,31,26,19,0.0469864085316658,51.65643310546875,0.2286186446123764,0.2248789971213438,76.6399418088645
2026p082432,earthquake,2026-01-31T12:00:07.791Z,2026-01-31T12:03:06.329Z,176.66452026367188,-40.27853393554688,2.4869453625022127,12.80931854248047,MLv,,LOCSAT,confirmed,manual,iasp91,25,20,8,0.0255280584096908,186.8750343322754,0.5395604147560797,0.1394342959228164,152.79181871436805
2026p081831,earthquake,2026-01-31T06:39:42.543Z,2026-01-31T06:42:39.715Z,174.66415405273438,-38.68867492675781,2.212112023912173,13.827181816101074,MLv,,LOCSAT,confirmed,manual,iasp91,14,12,4,0.2309012562036514,173.81975555419922,0.211900314128911,0.2694812625822812,98.74706586837377
2026p079576,earthquake,2026-01-30T10:38:33.697Z,2026-01-30T10:43:07.111Z,174.7698516845703,-40.28451156616211,2.240847211039444,12.0,MLv,operator assigned,LOCSAT,confirmed,manual,iasp91,32,24,21,0.3907267451286316,98.00730895996094,0.5952067522682084,0.2539778970876134,145.43926420946534
2026p079403,earthquake,2026-01-30T09:05:56.969Z,2026-01-30T09:08:49.927Z,176.65257263183594,-39.83600616455078,2.1532017709639284,34.401390075683594,MLv,,LOCSAT,confirmed,manual,iasp91,46,29,18,0.177542507648468,63.93848419189453,0.4379381389708653,0.1936055169778102,115.70463742471232
2026p078910,earthquake,2026-01-30T04:43:25.652Z,2026-01-30T04:48:56.846Z,176.70338439941406,-40.27331161499024,2.2385126863143427,18.043739318847656,MLv,,LOCSAT,confirmed,manual,iasp91,26,19,15,0.0526468120515346,193.80925941467285,0.3988500760681384,0.1475016946113177,154.2810211376763
2026p078411,earthquake,2026-01-30T00:17:44.241Z,2026-03-01T23:28:22.313Z,176.69544982910156,-40.26085662841797,2.699153623847662,16.425533294677734,MLv,,LOCSAT,confirmed,manual,iasp91,37,23,31,0.0464486740529537,180.84721565246585,0.4255609797529658,0.1562998726737913,152.76991988601574
2026p078386,earthquake,2026-01-30T00:04:23.503Z,2026-01-30T00:06:13.798Z,176.5540313720703,-39.7796516418457,2.122632589035056,24.78873443603516,MLv,,LOCSAT,confirmed,manual,iasp91,26,16,12,0.1956475675106048,56.98110961914062,0.2708007454402946,0.2677260700029685,105.2253829758458
2026p078352,earthquake,2026-01-29T23:45:57.994Z,2026-01-29T23:50:28.177Z,175.1295928955078,-40.07571029663086,2.1519913775782933,14.971246719360352,MLv,,LOCSAT,confirmed,manual,iasp91,32,24,7,0.1924953460693359,83.15385437011719,0.6972678999497993,0.1937576115998723,110.80527553040537
2026p078317,earthquake,2026-01-29T23:27:30.572Z,2026-01-29T23:33:54.682Z,175.26611328125,-39.253814697265625,2.36632890494141,10.543140411376951,MLv,,LOCSAT,confirmed,manual,iasp91,42,27,36,0.2053685337305069,63.85252380371094,0.4807701861664572,0.2438097302902451,33.438348136201114
2026p077841,earthquake,2026-01-29T19:13:47.081Z,2026-02-26T22:03:14.715Z,176.7090301513672,-40.270782470703125,3.060351726633358,18.082056045532227,MLv,,LOCSAT,confirmed,manual,iasp91,42,26,43,0.0566806383430957,100.9099826812744,0.4475600135791976,0.1542117915310716,154.34544877938063
2026p077758,earthquake,2026-01-29T18:30:19.150Z,2026-02-26T21:32:24.673Z,175.27609252929688,-38.61754989624024,2.819357553214637,5.0,MLv,operator assigned,LOCSAT,confirmed,manual,iasp91,41,30,34,0.2471598237752914,56.65435791015625,0.6505275139692915,0.2171738328478046,67.3635822650323
2026p077320,earthquake,2026-01-29T14:36:18.899Z,2026-01-29T14:39:34.110Z,176.6730499267578,-39.83831787109375,2.0431412345158626,30.64698791503906,MLv,,LOCSAT,confirmed,manual,iasp91,36,24,9,0.1628618091344833,68.4503173828125,0.2464262509909277,0.0830170965748343,117.21034681722121
2026p077024,earthquake,2026-01-29T11:58:28.594Z,2026-01-29T12:02:51.442Z,175.27490234375,-38.614864349365234,2.3342660660965144,12.0,MLv,operator assigned,LOCSAT,confirmed,manual,iasp91,26,23,18,0.2497518509626388,68.84317016601562,0.4049186444668181,0.1842376367475293,67.67611562071167
2026p076582,earthquake,2026-01-29T08:03:15.736Z,2026-01-29T08:09:29.493Z,174.7456512451172,-40.26799011230469,2.3660034854271923,12.0,MLv,operator assigned,LOCSAT,confirmed,manual,iasp91,40,35,10,0.4065825641155243,78.64956665039062,0.592771163256849,0.2112634462101402,144.9451594943425
2026p073186,earthquake,2026-01-28T01:53:40.157Z,2026-01-28T01:59:33.837Z,175.97666931152344,-38.55306625366211,2.415699057916064,5.0,MLv,operator assigned,LOCSAT,confirmed,manual,iasp91,31,22,20,0.0895676761865615,49.15558052062988,0.2851506071183037,0.2507368775278916,73.3603927299662
2026p070548,earthquake,2026-01-27T02:28:07.504Z,2026-01-27T02:31:04.311Z,176.52230834960938,-40.16212844848633,2.036938584352878,23.21964454650879,MLv,,LOCSAT,confirmed,manual,iasp91,24,17,11,0.1161259710788726,76.96934127807617,0.3180591876495509,0.25598423218914,135.25202071659498
2026p070137,earthquake,2026-01-26T22:49:15.106Z,2026-01-26T22:55:47.588Z,176.22525024414062,-39.64051818847656,2.605867556961402,23.18820381164551,MLv,,LOCSAT,confirmed,manual,iasp91,32,22,31,0.1118015721440315,61.45717239379883,0.444383837210301,0.1853973986936321,74.11302388961074
2026p069213,earthquake,2026-01-26T14:36:55.751Z,2026-01-26T14:41:25.156Z,174.75221252441406,-40.26950454711914,2.018326006417619,12.0,MLv,operator assigned,LOCSAT,confirmed,manual,iasp91,27,22,7,0.4355912208557129,78.36978149414062,0.6524288184278854,0.1034590109763118,144.793816486204
2026p067832,earthquake,2026-01-26T02:21:10.844Z,2026-01-26T02:27:54.810Z,176.47117614746094,-40.26050567626953,2.0721372328073886,19.548093795776367,MLv,,LOCSAT,confirmed,manual,iasp91,26,16,12,0.1153279021382331,67.93412017822266,0.2973767466644926,0.1766401038095382,142.1028461895873
2026p067775,earthquake,2026-01-26T01:50:53.897Z,2026-01-26T10:28:04.590Z,174.75765991210938,-40.28150177001953,2.0159148000188534,12.0,MLv,operator assigned,LOCSAT,confirmed,manual,iasp91,23,14,6,0.4333646595478058,99.09318542480467,0.6732044906111999,0.23397212703698,145.68785222287408
2026p067464,earthquake,2026-01-25T23:05:08.539Z,2026-02-22T23:53:24.787Z,175.9664764404297,-38.54744338989258,2.0212138839476967,5.0,MLv,operator assigned,LOCSAT,confirmed,manual,iasp91,19,15,9,0.0985258743166923,100.16108322143556,0.4040380303381876,0.2446004002513174,73.57833176642539
2026p065150,earthquake,2026-01-25T02:32:10.023Z,2026-01-25T02:37:02.666Z,176.0775909423828,-38.66202926635742,2.409223379058848,5.0,MLv,operator assigned,LOCSAT,confirmed,manual,iasp91,17,12,7,0.0255192853510379,78.80502700805664,0.2017754152238496,0.3064735663598381,67.11913578178559
2026p065133,earthquake,2026-01-25T02:23:18.537Z,2026-01-25T02:26:50.724Z,176.07591247558594,-38.6624870300293,2.1523652976501,4.817458629608154,MLv,,LOCSAT,confirmed,manual,iasp91,26,17,15,0.0247018989175558,64.75204467773438,0.3349216141765378,0.2605595923295661,66.99382548967118
2026p064519,earthquake,2026-01-24T20:55:54.582Z,2026-02-22T22:58:24.459Z,175.40122985839844,-39.85927963256836,3.2952506820748715,12.0,MLv,operator assigned,LOCSAT,confirmed,manual,tab,39,28,54,0.2817209959030151,63.80548095703125,0.2859678001485776,0.1986692376238937,80.50811783033772
2026p064485,earthquake,2026-01-24T20:37:45.690Z,2026-01-24T20:44:59.654Z,174.79591369628906,-40.278568267822266,2.29532165143526,20.469335556030277,MLv,,LOCSAT,confirmed,manual,iasp91,33,25,7,0.3759356141090393,76.55361938476562,0.4529256735566548,0.123121097856876,143.74503283669867
2026p063891,earthquake,2026-01-24T15:21:19.327Z,2026-01-24T15:26:43.126Z,175.1553192138672,-40.26063919067383,2.241979726283397,16.070587158203125,MLv,,LOCSAT,confirmed,manual,iasp91,32,23,12,0.1341034024953842,105.76602172851562,0.4832154981141397,0.139806084073215,129.2274812334532
2026p063714,earthquake,2026-01-24T13:47:06.229Z,2026-01-24T13:51:02.492Z,176.65792846679688,-40.25899887084961,2.062826428113524,15.781645774841309,MLv,,LOCSAT,confirmed,manual,iasp91,22,15,7,0.0189020093530416,180.28475189208984,0.36418882610613,0.1275940395351324,150.70552262892303
2026p062913,earthquake,2026-01-24T06:40:08.672Z,2026-01-24T06:46:12.475Z,174.83763122558594,-40.27071380615234,2.064884342392619,33.0,MLv,operator assigned,LOCSAT,confirmed,manual,iasp91,24,16,4,0.37123903632164,124.44451904296876,0.9303966335540838,0.04023601887163,141.2313311241568
2026p062733,earthquake,2026-01-24T05:04:13.868Z,2026-01-24T05:08:35.491Z,174.78170776367188,-40.25802230834961,2.106864270256476,33.0,MLv,operator assigned,LOCSAT,confirmed,manual,iasp91,23,15,6,0.5265896916389465,77.20065307617188,0.6838140758532817,0.1908363264459572,142.39830825605748
2026p061316,earthquake,2026-01-23T16:29:34.420Z,2026-01-23T17:06:23.417Z,175.71324157714844,-39.48920822143555,2.180785892988142,10.502503395080566,MLv,,LOCSAT,confirmed,manual,iasp91,22,12,15,0.0876478254795074,160.36441040039062,0.4642700131494913,0.2477235571654397,37.573496623678416
2026p061211,earthquake,2026-01-23T15:33:28.378Z,2026-01-23T15:36:12.873Z,176.59127807617188,-39.96860122680664,2.133911861867376,21.56734085083008,MLv,,LOCSAT,confirmed,manual,iasp91,22,13,10,0.1500863432884216,66.8853759765625,0.2919501919611988,0.2693194665659987,122.12641746309257
2026p057856,earthquake,2026-01-22T09:45:49.922Z,2026-02-19T00:51:13.314Z,176.7020721435547,-39.87617492675781,2.942701307759693,33.37386703491211,MLv,,LOCSAT,confirmed,manual,iasp91,38,26,36,0.113020934164524,82.61856460571289,0.3742989796601798,0.1579718272156162,121.82211783204124
2026p057730,earthquake,2026-01-22T08:39:18.056Z,2026-01-22T08:41:59.716Z,174.76675415039062,-40.29833221435547,2.1379340147745927,12.0,MLv,operator assigned,LOCSAT,confirmed,manual,iasp91,13,11,2,0.3867952525615692,145.51814079284668,0.4997885495417784,0.1072702745311447,146.89294656832496
2026p056845,earthquake,2026-01-22T00:47:45.508Z,2026-02-18T21:03:00.553Z,176.20924377441406,-38.56010437011719,2.0672158097730864,3.3649494647979736,MLv,,LOCSAT,confirmed,manual,iasp91,14,11,7,0.054636463522911,65.97808837890625,0.1951689249916871,0.2927890585767518,83.01233763309001
2026p056085,earthquake,2026-01-21T18:02:28.663Z,2026-01-21T18:06:26.645Z,175.12725830078125,-39.12393951416016,2.062131919106718,5.0,MLv,operator assigned,LOCSAT,confirmed,manual,iasp91,23,13,10,0.2371622323989868,105.20654296875,0.3847578310894136,0.1119114901331134,43.834166252311164
2026p054644,earthquake,2026-01-21T05:14:44.100Z,2026-02-17T22:13:05.615Z,175.7234344482422,-39.43953704833984,2.394787965967011,12.090082168579102,MLv,,LOCSAT,confirmed,manual,iasp91,37,33,36,0.0398857668042182,44.68653869628906,0.4288895721984254,0.1775158316066301,32.37261866320632
2026p054230,earthquake,2026-01-21T01:33:53.723Z,2026-01-21T01:39:54.779Z,174.95162963867188,-40.12688064575195,2.386329426148503,5.0,MLv,operator assigned,LOCSAT,confirmed,manual,iasp91,40,25,22,0.3726999163627624,102.93333435058594,0.765605586938274,0.2114888359526155,122.55814870000869
2026p054142,earthquake,2026-01-21T00:47:13.093Z,2026-01-21T00:51:22.905Z,174.73658752441406,-40.26849365234375,2.174922384037465,12.0,MLv,operator assigned,LOCSAT,confirmed,manual,iasp91,15,12,3,0.4472868144512176,131.7316979765892,0.448959122202832,0.074234333428553,145.40174006148897
2026p052598,earthquake,2026-01-20T11:04:14.616Z,2026-01-20T11:12:16.313Z,174.78515625,-40.29032897949219,2.2184657441473994,12.0,MLv,operator assigned,LOCSAT,confirmed,manual,iasp91,34,27,5,0.4143438935279846,80.81585693359375,0.6996477672093425,0.2399999376343625,145.33394009312886
2026p051770,earthquake,2026-01-20T03:43:12.583Z,2026-01-20T03:49:21.750Z,176.19000244140625,-38.56477355957031,2.2925532664967307,4.450883388519287,MLv,,LOCSAT,confirmed,manual,iasp91,23,20,13,0.05002998188138,63.52276611328125,0.4118575959688119,0.1986229401083054,81.59722302209255
2026p051624,earthquake,2026-01-20T02:26:01.873Z,2026-02-17T02:20:44.044Z,175.10633850097656,-39.27138900756836,3.716577923824578,20.55168914794922,MLv,,LOCSAT,confirmed,manual,iasp91,53,42,79,0.1871556788682937,47.03729248046875,0.3655347289889354,0.2046126818843581,47.196895896523166
2026p051601,earthquake,2026-01-20T02:13:05.035Z,2026-01-20T02:16:47.208Z,174.8106689453125,-40.27716064453125,2.0932629472688675,21.754732131958008,MLv,,LOCSAT,confirmed,manual,iasp91,20,16,4,0.3668283820152282,95.75172424316406,0.6293061435446535,0.3145097979490358,142.9822500496251
2026p050689,earthquake,2026-01-19T18:07:06.654Z,2026-01-19T18:12:00.058Z,174.748291015625,-40.18124008178711,2.142773874561431,12.0,MLv,operator assigned,LOCSAT,confirmed,manual,iasp91,20,13,4,0.4348526895046234,78.7425537109375,0.461207777552895,0.171161540948777,136.73913435628072
2026p050410,earthquake,2026-01-19T15:38:41.580Z,2026-02-16T21:47:38.736Z,176.0948944091797,-38.64170837402344,2.009184081559337,5.187457084655762,MLv,,LOCSAT,confirmed,manual,iasp91,14,11,6,0.0092760967090725,59.52192687988281,0.3993184470996588,0.4352627297856,69.83099144340711
2026p047520,earthquake,2026-01-18T13:58:45.676Z,2026-01-18T14:04:52.433Z,176.7304229736328,-39.88694763183594,2.0127555380039204,29.99068260192871,MLv,,LOCSAT,confirmed,manual,iasp91,24,18,7,0.1259297877550125,94.09370803833008,0.2462452311578989,0.2901605951374805,124.44337076981944
2026p046783,earthquake,2026-01-18T07:26:12.850Z,2026-01-18T07:32:42.689Z,174.77049255371094,-40.2734260559082,2.5282918003692654,12.0,MLv,operator assigned,LOCSAT,confirmed,manual,iasp91,35,28,11,0.4223526120185852,89.28797912597656,0.588988864785959,0.178159292002043,144.3556738264167
2026p046335,earthquake,2026-01-18T03:27:28.817Z,2026-01-18T03:34:14.854Z,174.99278259277344,-40.09962844848633,2.192819838388925,5.0,MLv,operator assigned,LOCSAT,confirmed,manual,iasp91,35,25,5,0.3446117341518402,76.24720764160156,0.7159380469645623,0.2627079214323231,118.23062180309311
2026p044030,earthquake,2026-01-17T06:59:34.060Z,2026-02-15T20:11:40.777Z,176.77430725097656,-39.86074447631836,2.73377376398259,28.147403717041016,MLv,,LOCSAT,confirmed,manual,iasp91,47,32,24,0.1030712351202964,108.36272430419922,0.2935153642248435,0.1728608775782054,125.51136986534215
2026p043858,earthquake,2026-01-17T05:28:00.227Z,2026-01-17T05:33:44.020Z,174.7289276123047,-40.28242874145508,2.4329435761713145,12.0,MLv,operator assigned,LOCSAT,confirmed,manual,iasp91,32,26,9,0.4197396337985992,91.54183959960938,0.5213985669512711,0.170026650648162,147.05857479266427
2026p043837,earthquake,2026-01-17T05:16:28.191Z,2026-01-17T05:20:26.348Z,174.79928588867188,-40.27429962158203,2.558070733849548,20.0112361907959,MLv,,LOCSAT,confirmed,manual,iasp91,33,26,15,0.3757962882518768,96.55487060546876,0.6022192691633665,0.2019699609999423,143.19110860205205
2026p042883,earthquake,2026-01-16T20:48:16.650Z,2026-01-16T20:54:54.397Z,176.720703125,-39.9781494140625,2.1248043065488456,39.05828094482422,MLv,,LOCSAT,confirmed,manual,iasp91,28,18,17,0.1102761328220367,82.22224807739258,0.2059520566650708,0.2059031741181531,130.62249898510532
2026p041397,earthquake,2026-01-16T07:37:12.365Z,2026-01-16T07:41:54.667Z,174.7677001953125,-40.29798889160156,2.3282402945876237,12.0,MLv,operator assigned,LOCSAT,confirmed,manual,iasp91,26,16,9,0.3862853944301605,77.45158386230469,0.4832780909343771,0.5947157090759869,146.81917243931954
2026p039588,earthquake,2026-01-15T15:32:47.566Z,2026-01-15T15:37:07.894Z,176.71328735351562,-38.85108947753906,2.567161668216871,36.992584228515625,MLv,,LOCSAT,confirmed,manual,iasp91,36,29,24,0.0998026952147483,32.76673889160156,0.309708824221916,0.2488478249504238,99.57137322048385
2026p039462,earthquake,2026-01-15T14:25:35.428Z,2026-02-11T21:27:09.495Z,176.19276428222656,-38.61498641967773,2.0486312904074557,5.0,M,operator assigned,LOCSAT,confirmed,manual,iasp91,37,25,18,0.0561898685991764,52.61715698242188,0.4990101995940039,0.0,77.31954260541299
2026p038869,,2026-01-15T09:10:03.243Z,2026-01-15T09:12:24.811Z,175.48260899179874,-39.60915930963883,2.0388110589829243,18.9453125,M,,NonLinLoc,,automatic,nz3drx,17,17,3,0.4647058377411416,130.34619682313863,1.7955555080372358,0.0,51.874992888623495
2026p035435,earthquake,2026-01-14T02:39:50.084Z,2026-01-14T02:43:53.782Z,176.5078125,-39.83441925048828,2.0055091012912376,13.727985382080078,MLv,,LOCSAT,confirmed,manual,iasp91,18,10,14,0.2170942425727844,105.25876426696776,0.4180849143757389,0.2361793156836466,106.44808280164175
2026p034745,earthquake,2026-01-13T20:32:27.910Z,2026-01-13T20:39:05.470Z,175.0315704345703,-40.21500396728516,2.5001888856295853,26.92417907714844,MLv,,LOCSAT,confirmed,manual,iasp91,43,27,40,0.2173288762569427,76.70912170410156,0.5886003733047963,0.1402983690863424,128.3200000497697
2026p034684,earthquake,2026-01-13T20:00:18.045Z,2026-01-13T20:25:19.660Z,176.09873962402344,-38.640384674072266,2.019457739273633,4.131614685058594,MLv,,LOCSAT,confirmed,manual,iasp91,18,14,11,0.0088362321257591,54.86446380615234,0.302740513200908,0.361624411925367,70.14333656302904
2026p033966,earthquake,2026-01-13T13:37:27.464Z,2026-01-13T13:40:41.408Z,175.04750061035156,-40.20912551879883,2.085006233719465,21.65819931030273,MLv,,LOCSAT,confirmed,manual,iasp91,18,12,3,0.2049653530120849,164.8750762939453,0.4946487556628881,0.1643394631798828,127.17798356341783
2026p033488,earthquake,2026-01-13T09:22:27.197Z,2026-02-09T22:55:24.623Z,175.1375274658203,-39.083492279052734,2.7930528138060557,18.27030563354492,MLv,,LOCSAT,confirmed,manual,iasp91,43,34,30,0.2339982241392135,65.6873779296875,0.3443676360188895,0.2606369509405888,43.57132022595116
2026p032405,earthquake,2026-01-12T23:45:24.278Z,2026-01-12T23:58:48.965Z,176.0811767578125,-38.63267517089844,2.052736461191357,4.775811195373535,MLv,,LOCSAT,confirmed,manual,iasp91,18,15,10,0.0098138125613331,84.22507858276367,0.3418875408295108,0.4411000344391014,69.98688970307391
2026p032139,earthquake,2026-01-12T21:23:51.855Z,2026-01-12T21:30:05.578Z,176.18637084960938,-39.950927734375,2.03147939940756,27.811525344848636,MLv,,LOCSAT,confirmed,manual,iasp91,21,14,10,0.0389055423438549,110.2180633544922,0.5644034261973386,0.1808525258987918,100.21364697324539
2026p031760,earthquake,2026-01-12T18:02:09.062Z,2026-01-12T18:32:20.690Z,176.7040557861328,-40.03861999511719,2.596779258525397,15.507710456848145,MLv,,LOCSAT,confirmed,manual,iasp91,34,21,36,0.1215950474143028,106.74779510498048,0.3037136294038374,0.1301608589341568,134.3847532218774
2026p031203,earthquake,2026-01-12T13:05:27.264Z,2026-01-12T13:09:58.338Z,175.05258178710938,-39.320125579833984,2.1156024598470977,5.0,MLv,operator assigned,LOCSAT,confirmed,manual,iasp91,30,26,13,0.2300157994031906,77.47820281982422,0.3869014650516261,0.1969913001114011,53.25863993717005
2026p030834,earthquake,2026-01-12T09:48:30.299Z,2026-01-12T10:07:00.083Z,174.9762725830078,-40.075313568115234,2.3199568346676407,19.553150177001957,MLv,,LOCSAT,confirmed,manual,iasp91,42,25,14,0.2905161380767822,76.73124694824219,0.7215499214358739,0.1784141862650423,116.5300913214792
2026p030332,earthquake,2026-01-12T05:20:57.606Z,2026-01-12T05:26:35.930Z,174.7771759033203,-40.265907287597656,2.2262685422627846,12.0,MLv,operator assigned,LOCSAT,confirmed,manual,iasp91,34,23,13,0.4161728322505951,95.66795349121094,0.8792586002101136,0.2216814410285488,143.34719552298938
2026p029414,earthquake,2026-01-11T21:12:00.481Z,2026-01-11T21:16:55.330Z,175.4639892578125,-39.75133895874024,2.014677211152612,39.14805603027344,MLv,,LOCSAT,confirmed,manual,iasp91,25,15,11,0.3662914335727691,77.50762939453125,0.2684318439469036,0.2834011008051632,67.60184043372928
2026p029291,earthquake,2026-01-11T20:06:17.791Z,2026-01-11T20:10:50.263Z,175.01072692871094,-40.20582962036133,2.167948512820808,21.904815673828125,MLv,,LOCSAT,confirmed,manual,iasp91,21,12,7,0.4510610103607178,115.68386840820312,0.6068753317918311,0.0639484450976819,128.12322943973754
2026p028964,earthquake,2026-01-11T17:12:04.753Z,2026-01-11T17:29:21.568Z,175.17723083496094,-40.141597747802734,2.015684157483404,26.27005195617676,MLv,,LOCSAT,confirmed,manual,iasp91,19,13,1,0.1234728023409843,104.01612854003906,0.613609413521571,0.0,116.13082791216078
2026p028787,earthquake,2026-01-11T15:38:00.399Z,2026-01-11T16:29:23.989Z,175.16470336914062,-40.14740753173828,2.0542377604509348,24.86724853515625,MLv,,LOCSAT,confirmed,manual,iasp91,20,15,3,0.1290587931871414,105.57498168945312,0.5674209835950137,0.2118858581240724,117.10222014646526
2026p028459,earthquake,2026-01-11T12:43:10.995Z,2026-01-11T12:46:28.570Z,174.76194763183594,-40.29222869873047,2.379332857459355,12.0,MLv,operator assigned,LOCSAT,confirmed,manual,iasp91,22,14,2,0.4321183860301971,100.45346069335938,0.6119052495801356,0.0902280644995518,146.51964586768176
2026p026637,earthquake,2026-01-10T20:32:17.193Z,2026-01-10T20:37:33.202Z,174.91537475585938,-40.13746643066406,2.0562886567345195,28.51463890075684,MLv,,LOCSAT,confirmed,manual,iasp91,14,9,4,0.3137533068656921,172.78089904785156,0.4784891899574044,0.1035195309160911,125.09188855817872
2026p025386,earthquake,2026-01-10T09:26:02.985Z,2026-02-08T22:43:14.825Z,176.40196228027344,-40.20822525024414,2.8814637097932367,31.84113121032715,MLv,,LOCSAT,confirmed,manual,iasp91,45,27,54,0.1468105316162109,47.1058349609375,0.4333944623936858,0.1544023643375309,134.12244757523897
2026p025013,earthquake,2026-01-10T06:07:24.586Z,2026-01-10T07:44:51.328Z,176.6895294189453,-40.29154968261719,2.454145098910652,17.02623176574707,MLv,,LOCSAT,confirmed,manual,iasp91,24,17,18,0.0485969670116901,193.97971534729004,0.5124983762997194,0.1893550251271258,155.20946874167268
2026p024472,earthquake,2026-01-10T01:18:51.968Z,2026-01-10T01:45:00.387Z,174.793701171875,-40.26789855957031,2.2940928380934924,19.56637191772461,MLv,,LOCSAT,confirmed,manual,iasp91,34,22,9,0.4039555788040161,97.082275390625,0.7646523444371259,0.1637800560263089,142.8178181008541
2026p023854,earthquake,2026-01-09T19:49:50.510Z,2026-01-09T19:51:56.977Z,176.54739379882812,-40.01725006103516,2.246679763251997,34.98683166503906,MLv,,LOCSAT,confirmed,manual,iasp91,27,16,19,0.094503529369831,71.62649536132812,0.4477331652786969,0.1998833948816499,123.71920548025577
2026p023356,earthquake,2026-01-09T15:24:20.910Z,2026-01-09T15:30:04.617Z,174.74168395996094,-40.28865814208984,2.093771448156037,12.0,MLv,operator assigned,LOCSAT,confirmed,manual,iasp91,38,26,6,0.4082592725753784,99.96403503417967,0.6084337370895224,0.1281415018957737,147.07422694448556
2026p023193,earthquake,2026-01-09T13:57:26.214Z,2026-02-04T01:17:10.237Z,176.17530822753906,-39.57770538330078,2.844034496420949,26.49876594543457,MLv,,LOCSAT,confirmed,manual,iasp91,50,33,55,0.1239001676440239,32.46241760253906,0.526401299220337,0.1959012828100453,66.13072253857729
2026p021911,earthquake,2026-01-09T02:34:37.013Z,2026-02-04T01:20:18.048Z,174.79400634765625,-40.29070281982422,2.843848115935865,19.63309669494629,MLv,,LOCSAT,confirmed,manual,iasp91,45,36,31,0.3714681565761566,76.57859802246094,0.6498981640395861,0.1706642325544537,144.99211060181514
2026p021801,earthquake,2026-01-09T01:35:57.336Z,2026-01-09T02:01:13.964Z,174.796630859375,-40.2772216796875,2.264820094628808,19.76692771911621,MLv,,LOCSAT,confirmed,manual,iasp91,31,19,5,0.4032605290412903,76.53016662597656,0.7142141182504527,0.1203784335425083,143.58512523115513
2026p020165,earthquake,2026-01-08T11:04:09.457Z,2026-01-08T11:08:13.150Z,176.3866424560547,-39.66219711303711,2.060865065509153,25.579160690307617,MLv,,LOCSAT,confirmed,manual,iasp91,44,25,31,0.1517335176467895,73.99516296386719,0.4337480495698702,0.1545970334840388,85.84062778108478
2026p020158,earthquake,2026-01-08T11:00:39.444Z,2026-01-08T11:08:35.757Z,174.81808471679688,-40.2956428527832,2.1546808856938764,21.5279541015625,MLv,,LOCSAT,confirmed,manual,iasp91,29,21,30,0.352873682975769,67.91937255859375,0.5574798810162652,0.200567752907455,144.45851620705503
2026p019612,earthquake,2026-01-08T06:09:47.974Z,2026-01-08T06:15:59.653Z,176.7679443359375,-39.72148895263672,2.0888582474405517,30.503345489501957,MLv,,LOCSAT,confirmed,manual,iasp91,41,23,13,0.1001585274934768,55.67779541015625,0.394314986137892,0.2845778599533674,116.13248192953138
2026p019488,earthquake,2026-01-08T05:03:32.495Z,2026-01-08T05:11:36.605Z,175.39852905273438,-40.11518096923828,2.3870820374053143,38.50763320922852,MLv,,LOCSAT,confirmed,manual,iasp91,43,30,30,0.110659584403038,59.01493835449219,0.536879430928429,0.1730517445151584,108.30479745293901
2026p017907,earthquake,2026-01-07T15:01:07.969Z,2026-01-07T16:12:06.290Z,175.27114868164062,-39.246036529541016,2.4929979280537204,10.625187873840332,MLv,,LOCSAT,confirmed,manual,iasp91,88,53,25,0.0726315453648567,49.17742919921875,0.4865053065242399,0.3172770771379674,32.75668425008627
2026p016951,earthquake,2026-01-07T06:31:56.551Z,2026-01-07T06:35:07.482Z,176.12559509277344,-38.63117218017578,2.1670752531319595,4.457883358001709,MLv,,LOCSAT,confirmed,manual,iasp91,21,15,10,0.0055600902996957,63.63191986083984,0.4257092571295972,0.3222504843887843,72.33569128325475
2026p016256,earthquake,2026-01-07T00:21:24.791Z,2026-01-07T00:27:57.455Z,174.7808837890625,-40.30361175537109,2.294413829794438,15.725540161132812,MLv,,LOCSAT,confirmed,manual,iasp91,27,20,6,0.4203968942165375,89.20109558105469,0.4988169780567878,0.1479426110850362,146.79154167026883
2026p015262,earthquake,2026-01-06T15:31:43.041Z,2026-01-06T15:36:25.632Z,176.78482055664062,-39.88275909423828,2.41935430052478,31.84092140197754,MLv,,LOCSAT,confirmed,manual,iasp91,31,18,30,0.1132153496146202,112.82931900024414,0.276481036104079,0.1683444629330347,127.73606052158335
2026p014981,earthquake,2026-01-06T13:02:06.050Z,2026-01-06T13:10:23.693Z,174.6691436767578,-40.36665725708008,2.118177506983764,12.0,MLv,operator assigned,LOCSAT,confirmed,manual,iasp91,30,19,13,0.4355905950069427,80.99313354492188,0.6283805889958961,0.1562814368367079,157.68293557262544
2026p013345,earthquake,2026-01-05T22:30:33.359Z,2026-01-05T22:35:27.626Z,175.09669494628906,-39.269676208496094,2.5843528097615174,15.44020652770996,MLv,,LOCSAT,confirmed,manual,iasp91,39,25,40,0.1947743445634842,77.4940299987793,0.2710770483130496,0.2143190026041534,47.94978430041363
2026p012670,earthquake,2026-01-05T16:30:59.345Z,2026-01-05T16:35:04.278Z,176.66189575195312,-39.80691909790039,2.372677033839196,30.914554595947266,MLv,,LOCSAT,confirmed,manual,iasp91,22,14,31,0.165905013680458,59.80827331542969,0.2651063574486867,0.1401900514256134,114.2604498731679
2026p010400,earthquake,2026-01-04T20:21:10.362Z,2026-01-04T20:25:36.827Z,176.7923126220703,-39.83111953735352,2.18598144719862,29.560529708862305,MLv,,LOCSAT,confirmed,manual,iasp91,39,29,25,0.0746709182858467,104.4599151611328,0.4380624677462843,0.1811383639007167,124.74129933195519
2026p009049,earthquake,2026-01-04T08:21:41.491Z,2026-01-04T08:31:02.439Z,176.1172332763672,-40.1368293762207,2.3560232761450184,23.40190124511719,MLv,,LOCSAT,confirmed,manual,iasp91,43,28,25,0.0659255981445312,39.72552490234375,0.3261350454841605,0.2488141670680443,116.50964538022181
2026p007764,earthquake,2026-01-03T20:56:51.342Z,2026-01-03T21:00:20.940Z,176.3883819580078,-39.65813446044922,2.1831343240177623,22.999778747558597,MLv,,LOCSAT,confirmed,manual,iasp91,29,16,20,0.2353421151638031,62.77116203308105,0.3530650403746047,0.2142588356029747,85.66159804520557
2026p001970,earthquake,2026-01-01T17:29:52.633Z,2026-01-01T18:31:22.828Z,175.8981170654297,-40.3154182434082,2.574453597972498,25.060678482055664,MLv,,LOCSAT,confirmed,manual,iasp91,33,23,31,0.0314240492880344,78.50200271606445,0.4378096605826878,0.2197344413262547,130.65822360799638
2026p001954,earthquake,2026-01-01T17:21:25.445Z,2026-01-01T17:35:22.701Z,175.0253448486328,-39.11778259277344,2.1117509849939915,5.0,MLv,operator assigned,LOCSAT,confirmed,manual,iasp91,29,26,17,0.2077136635780334,79.45986938476562,0.3791985497185948,0.166225242828963,52.673701693031646
2026p000759,earthquake,2026-01-01T06:44:31.496Z,2026-01-01T06:47:06.198Z,175.91175842285156,-38.52724075317383,2.166196785725979,5.587925434112549,MLv,,LOCSAT,confirmed,manual,iasp91,25,20,17,0.058263286948204,80.98451232910156,0.2393299936969342,0.20848097023568,73.95592254520746
2026p000712,earthquake,2026-01-01T06:19:51.204Z,2026-01-01T06:22:12.013Z,176.20033264160156,-38.36868667602539,2.3416091383129563,4.883708477020264,MLv,,LOCSAT,confirmed,manual,iasp91,24,19,12,0.0671679526567459,72.87765502929688,0.1823628793847949,0.2131607042432343,100.43100298459186
2026p000623,earthquake,2026-01-01T05:32:13.059Z,2026-01-01T05:36:19.749Z,175.24961853027344,-40.16193008422852,2.3870989796375985,31.323286056518555,MLv,,LOCSAT,confirmed,manual,iasp91,37,29,15,0.066475011408329,76.56814575195312,0.4616667276182636,0.2388314747337797,116.3528427556911
